episodes,DQV,DQV-Max,DQN,DDQN,Upside-Down
0,-20.6264969882,-21,-20.7575446671,-20.5547424784,-21
1,-20.6226065717,-21,-20.7354753306,-20.5752113806,-21
2,-20.6169585707,-21,-20.6955161274,-20.6090314765,-21
3,-20.612416719,-21,-20.6439897709,-20.6439611168,-21
4,-20.6105093711,-21,-20.5866605508,-20.6666789192,-21
5,-20.6098045406,-21,-20.5271189175,-20.6675144944,-21
6,-20.6060572667,-21,-20.4676354758,-20.6444139401,-21
7,-20.5942073949,-21,-20.411573109,-20.6034471806,-21
8,-20.571499325,-21,-20.3652822736,-20.5555547749,-21
9,-20.5399376519,-21,-20.3374714814,-20.5114164518,-19
10,-20.5070626213,-21,-20.3351496871,-20.4776604558,-21
11,-20.4838761962,-21,-20.3579166119,-20.4563050091,-21
12,-20.4809519978,-21,-20.3947810786,-20.4471585103,-20
13,-20.5043212441,-21,-20.4268005363,-20.4503046916,-21
14,-20.5528525748,-21,-20.4355983735,-20.4666366943,-20
15,-20.6186961173,-21,-20.4130774341,-20.4957582897,-19
16,-20.6906698694,-21,-20.3665679115,-20.5340098135,-20
17,-20.7585694782,-21,-20.315363515,-20.5745451782,-20
18,-20.8162772108,-21,-20.2808375568,-20.6094658246,-19
19,-20.8624818697,-21,-20.2753715901,-20.6323084839,-21
20,-20.8987659098,-21,-20.2962180784,-20.6390416213,-21
21,-20.927180613,-21,-20.327601299,-20.6274919084,-20
22,-20.9485217789,-21,-20.3487337181,-20.596624511,-20
23,-20.9621387687,-21,-20.3436695951,-20.5470581859,-20
24,-20.966179848,-21,-20.3081400418,-20.4824062142,-20
25,-20.9583520138,-21,-20.2513944163,-20.4102754368,-21
26,-20.9365774184,-21,-20.1924056649,-20.3411293947,-21
27,-20.8997258928,-21,-20.1526400054,-20.2852803201,-18
28,-20.8486964982,-21,-20.1485701382,-20.2493336994,-21
29,-20.7871816535,-21,-20.1868191903,-20.2344869625,-19
30,-20.7216299286,-21,-20.2629581078,-20.2373107491,-20
31,-20.6603011877,-21,-20.3636194424,-20.2523850486,-20
32,-20.6115428232,-21,-20.4708381321,-20.2746149918,-19
33,-20.5819324369,-21,-20.5676218783,-20.3004885365,-21
34,-20.5747272255,-21,-20.6428419588,-20.3281140374,-21
35,-20.5887125996,-21,-20.6941316799,-20.3568757357,-20
36,-20.6182544156,-21,-20.7268185882,-20.3867945098,-21
37,-20.654569647,-21,-20.7493660355,-20.4173920109,-21
38,-20.6881392968,-21,-20.7680795359,-20.4466975085,-20
39,-20.7114558494,-21,-20.7839521474,-20.4716745733,-21
40,-20.7209595957,-21,-20.7936245611,-20.4907457017,-21
41,-20.7177212646,-21,-20.7929618109,-20.5057745194,-21
42,-20.7065350161,-21,-20.7808182168,-20.5223050504,-21
43,-20.693857212,-21,-20.759899893,-20.546630932,-21
44,-20.6851309188,-21,-20.7351817831,-20.5820343745,-20
45,-20.6827571449,-21,-20.7108379327,-20.6262229129,-21
46,-20.6856434121,-21,-20.6878105598,-20.6716642225,-21
47,-20.6908619796,-21,-20.6636792372,-20.7085291409,-20
48,-20.6958671974,-21,-20.6345594686,-20.7287365862,-21
49,-20.6998846723,-21,-20.5983451327,-20.7295776068,-21
50,-20.7027165822,-21,-20.5574223644,-20.7152057155,-19
51,-20.7030618937,-21,-20.5190504926,-20.6948414858,-21
52,-20.6976173992,-21,-20.4924765854,-20.6785232755,-21
53,-20.6823285239,-21,-20.4842372427,-20.6721195397,-19
54,-20.6544521149,-20.9999553887,-20.4942450802,-20.6741781398,-21
55,-20.6143679291,-20.9998399052,-20.515519045,-20.6760361924,-20
56,-20.566108618,-20.9994635867,-20.5373864918,-20.6650727451,-20
57,-20.5171270234,-20.9984426278,-20.5503395808,-20.6298896269,-21
58,-20.4770998954,-20.9959441763,-20.5494336211,-20.5654565344,-21
59,-20.4555907374,-20.9904758482,-20.5349043325,-20.4766379053,-21
60,-20.4589388731,-20.9799207144,-20.5108471867,-20.3782628113,-21
61,-20.4877204538,-20.9618754176,-20.483560636,-20.2908310721,-21
62,-20.5363157628,-20.9345952931,-20.4603037493,-20.2329776307,-20
63,-20.5947887656,-20.8982233736,-20.4481852227,-20.2140664151,-19
64,-20.6513512773,-20.8555382538,-20.4526213358,-20.2313656669,-19
65,-20.694536235,-20.8115044774,-20.4750376534,-20.2734634294,-20
66,-20.7146483913,-20.7715692646,-20.5109979855,-20.3277993122,-21
67,-20.7053721976,-20.7398913576,-20.5505735624,-20.3866451848,-20
68,-20.6653971187,-20.7184014117,-20.5813604797,-20.4474796489,-21
69,-20.5991352431,-20.7077489527,-20.5933064811,-20.508569641,-21
70,-20.5157582631,-20.7079383996,-20.5824351319,-20.5640679596,-21
71,-20.4266891175,-20.718112644,-20.5513053318,-20.6030850116,-21
72,-20.3423243911,-20.7345357564,-20.5067141716,-20.6135863086,-19
73,-20.2699426165,-20.7492011009,-20.457207361,-20.5886352727,-20
74,-20.2134900497,-20.7506051511,-20.411860325,-20.5312646931,-21
75,-20.1751001726,-20.7279296973,-20.3800905074,-20.4555736087,-21
76,-20.1569199272,-20.6763340841,-20.3704608667,-20.3832956521,-20
77,-20.1614706564,-20.6002887449,-20.3879286329,-20.336670126,-18
78,-20.18942044,-20.5127945187,-20.4311723818,-20.3302197221,-19
79,-20.2367151062,-20.4302507257,-20.4920529566,-20.3654665541,-20
80,-20.2935482633,-20.3659981335,-20.5578331361,-20.4309176157,-21
81,-20.347652498,-20.3262603732,-20.6148364168,-20.5070542229,-21
82,-20.3901106641,-20.3098257058,-20.651326495,-20.5733294539,-21
83,-20.4200275246,-20.3108288986,-20.6594726379,-20.6134510453,-21
84,-20.4444617885,-20.3216368382,-20.636094815,-20.6178551081,-21
85,-20.4735301106,-20.3344663205,-20.5831881281,-20.5843329907,-21
86,-20.513672865,-20.3426647595,-20.508277871,-20.5179297659,-21
87,-20.563706068,-20.341970413,-20.4236272808,-20.4303063145,-20
88,-20.6151101041,-20.332115107,-20.3437652848,-20.3377107658,-21
89,-20.6563575067,-20.3163594189,-20.281172358,-20.2568253116,-17
90,-20.6776707023,-20.2990433364,-20.2421166765,-20.1998840503,-20
91,-20.6740804506,-20.2828606409,-20.2243807675,-20.170847106,-21
92,-20.6462206851,-20.2680833286,-20.219003692,-20.16549884,-21
93,-20.5998733008,-20.2545971368,-20.2152849958,-20.1755658824,-21
94,-20.5448750655,-20.2440433118,-20.2061218058,-20.1941267031,-21
95,-20.4933320064,-20.2407291078,-20.1907574081,-20.2186065857,-20
96,-20.4565683322,-20.2494989972,-20.1738365709,-20.2492234469,-21
97,-20.441367829,-20.2729095355,-20.1612486838,-20.284675705,-21
98,-20.4473069449,-20.3088879844,-20.1557380929,-20.3196980941,-21
99,-20.4670844828,-20.3511247973,-20.154914584,-20.3465640691,-21
100,-20.4902481855,-20.3915955039,-20.1526305899,-20.3590528643,-20
101,-20.508119897,-20.4245110049,-20.1432640034,-20.355157635,-20
102,-20.5167054187,-20.4492796177,-20.1259234751,-20.336802589,-18
103,-20.516196432,-20.4708893796,-20.1061032987,-20.3075427468,-21
104,-20.508190533,-20.4976920589,-20.0939512887,-20.2709292255,-21
105,-20.4931141788,-20.536898804,-20.1001078923,-20.2314162678,-21
106,-20.4699821993,-20.5902008657,-20.1314585934,-20.195930053,-19
107,-20.4378175879,-20.651780189,-20.1885434501,-20.1735869761,-20
108,-20.3965722164,-20.7102248876,-20.264749513,-20.1718836077,-21
109,-20.3460831873,-20.7533175162,-20.3470419776,-20.191172832,-20
110,-20.2845263426,-20.7731715359,-20.4180606642,-20.2209764145,-21
111,-20.2088491408,-20.7689168775,-20.4599954396,-20.2416233863,-21
112,-20.1182557334,-20.7458970195,-20.4602061203,-20.2315843936,-20
113,-20.0188344456,-20.7121151686,-20.4165178205,-20.1776357927,-21
114,-19.9243700982,-20.6750104388,-20.3402126561,-20.0831617222,-21
115,-19.8513657966,-20.6394930286,-20.2535202715,-19.9697719455,-21
116,-19.8107806798,-20.6079669,-20.1823668433,-19.8706014687,-20
117,-19.8021987213,-20.5815532753,-20.1462395473,-19.8170991696,-19
118,-19.8145791215,-20.5610413136,-20.150900194,-19.8257440851,-20
119,-19.8331001878,-20.5475761092,-20.1876601225,-19.8911563272,-21
120,-19.8464160172,-20.5423870091,-20.2396818701,-19.9899262106,-21
121,-19.8501537264,-20.5462360502,-20.2914203487,-20.092371896,-21
122,-19.845635252,-20.5587265668,-20.335866455,-20.1758538611,-19
123,-19.8369485278,-20.5779302151,-20.3754178436,-20.2320710964,-18
124,-19.8293539892,-20.6006925538,-20.4164686395,-20.2659792865,-21
125,-19.8291366589,-20.6234634106,-20.4626528269,-20.2888424018,-19
126,-19.8428307897,-20.6434315412,-20.5111060486,-20.3107509865,-20
127,-19.8745486668,-20.6593371137,-20.5538997395,-20.3368451348,-21
128,-19.921663995,-20.6716221515,-20.5825638419,-20.3677672299,-20
129,-19.9731191517,-20.6814021081,-20.5924237686,-20.4021611034,-21
130,-20.0125795024,-20.6891772643,-20.584045853,-20.438623397,-21
131,-20.0247793696,-20.6938404372,-20.5621650369,-20.4758560856,-20
132,-20.0028398437,-20.6930109516,-20.5332015302,-20.511470302,-21
133,-19.9508751502,-20.6844060038,-20.5032030621,-20.5413018925,-21
134,-19.8814549111,-20.6676450519,-20.4765076729,-20.5602353535,-21
135,-19.8086571855,-20.6452442257,-20.4548730579,-20.56458668,-21
136,-19.7413380345,-20.6222918183,-20.4373346737,-20.5538046266,-20
137,-19.6808370056,-20.6054561108,-20.4209864047,-20.5301535514,-21
138,-19.6241280689,-20.6012635211,-20.4029113638,-20.4966761577,-21
139,-19.569577899,-20.6140431091,-20.382349579,-20.4557886984,-21
140,-19.5206897182,-20.6439994168,-20.3624183911,-20.4100372164,-20
141,-19.4843469639,-20.6862191662,-20.3497334652,-20.3647752638,-20
142,-19.4656402383,-20.7315044723,-20.3515259177,-20.3293634942,-21
143,-19.4635436402,-20.7695833403,-20.3715782808,-20.3141725193,-20
144,-19.4713689225,-20.7929834621,-20.4073491004,-20.324462716,-20
145,-19.4817008886,-20.8000520894,-20.4505762066,-20.3552468624,-20
146,-19.4919478856,-20.7949469927,-20.4903452526,-20.3921800343,-20
147,-19.5055820533,-20.7850951251,-20.5169656942,-20.4184838063,-21
148,-19.5278491822,-20.7775408156,-20.5243724501,-20.423774964,-20
149,-19.5589325149,-20.7757977143,-20.511579543,-20.4091115065,-20
150,-19.5900358669,-20.7787600588,-20.48311916,-20.3856614998,-20
151,-19.6065596569,-20.7817700687,-20.448660429,-20.3681847587,-20
152,-19.5966525896,-20.7791975364,-20.4208012866,-20.3672640309,-20
153,-19.5593278175,-20.7673482547,-20.4104608127,-20.3843210362,-20
154,-19.5059764534,-20.746605626,-20.4224458964,-20.4115860766,-21
155,-19.4545590652,-20.721787225,-20.4539588805,-20.4360497611,-21
156,-19.4208062665,-20.7004096693,-20.4969586121,-20.4457127887,-21
157,-19.4113751031,-20.6896500626,-20.5423792519,-20.4348667346,-21
158,-19.423104978,-20.693279209,-20.5832909749,-20.4061644809,-21
159,-19.4468169618,-20.7102300089,-20.6155683687,-20.3689170704,-21
160,-19.4724396474,-20.7351148448,-20.6371724914,-20.3346577041,-21
161,-19.491502377,-20.7605604144,-20.6473872918,-20.313231021,-20
162,-19.4961157069,-20.7799915749,-20.646216089,-20.3104361668,-21
163,-19.4764804333,-20.7899187619,-20.6336731919,-20.327435199,-21
164,-19.421311685,-20.7905702765,-20.6087837575,-20.3607628101,-20
165,-19.3223123892,-20.7849156472,-20.5696480856,-20.4024061724,-21
166,-19.1809357284,-20.7767349847,-20.5148081777,-20.440549943,-21
167,-19.010702355,-20.7685798027,-20.4451916729,-20.462615577,-21
168,-18.8325493215,-20.7607663693,-20.3648267878,-20.4597485179,-21
169,-18.6655364435,-20.7516204462,-20.2802795985,-20.4307439007,-20
170,-18.5200924599,-20.7387754235,-20.1994063303,-20.3825985047,-21
171,-18.3985658962,-20.7209016681,-20.13065116,-20.3270563986,-21
172,-18.3007925794,-20.6988231038,-20.0822815713,-20.2751835572,-21
173,-18.228841704,-20.6753114451,-20.0612851501,-20.2334038191,-19
174,-18.1864899255,-20.6536842911,-20.0715624324,-20.202593079,-20
175,-18.1755729077,-20.6360891185,-20.1125341032,-20.1790408887,-20
176,-18.1929539581,-20.6227935256,-20.17902802,-20.1568085383,-21
177,-18.2319771506,-20.61241056,-20.2622366617,-20.130326436,-21
178,-18.2859020018,-20.6027992392,-20.351193483,-20.0973373662,-21
179,-18.3506804832,-20.5917143509,-20.4340088575,-20.060869717,-21
180,-18.4245046075,-20.5770727118,-20.4999092984,-20.0291781333,-21
181,-18.5047700417,-20.557470093,-20.5414712164,-20.0120748173,-21
182,-18.585162704,-20.5329853774,-20.5566183932,-20.0157344489,-21
183,-18.6541910296,-20.5062406737,-20.5486490154,-20.0392003519,-18
184,-18.6974127845,-20.4827324785,-20.5243653361,-20.0748361372,-20
185,-18.7020305454,-20.4701549607,-20.4909643014,-20.1123859516,-20
186,-18.6623222378,-20.4764651253,-20.4539092264,-20.1434876686,-21
187,-18.582659824,-20.5070591706,-20.4161390161,-20.1641631646,-19
188,-18.4774611949,-20.5621517247,-20.3788405477,-20.1742511739,-20
189,-18.3678311622,-20.6356099226,-20.342945186,-20.1750485648,-20
190,-18.2763390447,-20.7156325842,-20.3099634831,-20.168025766,-19
191,-18.2221786208,-20.7876515742,-20.2819375519,-20.1555272721,-21
192,-18.2177370291,-20.8379032857,-20.2608827908,-20.1429077667,-21
193,-18.265983504,-20.8559298792,-20.2480025852,-20.1394282543,-20
194,-18.3589176759,-20.8358705734,-20.2439572268,-20.1553999444,-21
195,-18.477462865,-20.7773033456,-20.2493211423,-20.1968017076,-21
196,-18.5931704949,-20.6863362727,-20.2642812221,-20.2604477358,-21
197,-18.6746756473,-20.5766269631,-20.2868365435,-20.3341233605,-20
198,-18.6955209953,-20.4681746756,-20.3112247626,-20.4014611676,-20
199,-18.6421659572,-20.3828967202,-20.3286112668,-20.4491397031,-21
200,-18.5184163089,-20.3375857336,-20.3312755023,-20.4720719693,-20
201,-18.3452676423,-20.3377384707,-20.3177700966,-20.4729866901,-21
202,-18.1571502518,-20.3759692617,-20.2952267131,-20.4583411303,-20
203,-17.9940416517,-20.4358494793,-20.2765333946,-20.4336928337,-21
204,-17.890733658,-20.4987844597,-20.2737176668,-20.4019358179,-20
205,-17.8652717372,-20.5502836702,-20.2922507443,-20.3647684064,-21
206,-17.9099751808,-20.5830085937,-20.3301457947,-20.325478533,-21
207,-17.9907675687,-20.5963572938,-20.380890065,-20.2903433635,-21
208,-18.0579126553,-20.5939788323,-20.437314511,-20.2680820626,-20
209,-18.0662323274,-20.580714721,-20.4933158841,-20.2677874728,-20
210,-17.996879774,-20.5608264325,-20.5438340591,-20.296541164,-20
211,-17.8685198616,-20.5375776562,-20.5845137527,-20.3566925189,-20
212,-17.7309304355,-20.5132592488,-20.6128164142,-20.4434967854,-20
213,-17.6419834397,-20.4887296013,-20.6289644217,-20.5445413657,-20
214,-17.6402800345,-20.4628237506,-20.6355446965,-20.6421323076,-19
215,-17.7284983736,-20.4325764685,-20.6357019937,-20.7186329255,-20
216,-17.8744521936,-20.3952304187,-20.6311824196,-20.7618401321,-21
217,-18.0290250781,-20.3509394752,-20.6220385308,-20.7674861996,-20
218,-18.1487780284,-20.3045915164,-20.6084205065,-20.7380057198,-20
219,-18.2118132257,-20.2643331697,-20.591780399,-20.6793251435,-20
220,-18.2206778554,-20.2375568302,-20.5748338979,-20.5984363295,-21
221,-18.194400513,-20.2266787139,-20.5596744552,-20.5035783124,-19
222,-18.1549113584,-20.2276154832,-20.5462167933,-20.4056990714,-21
223,-18.1152624496,-20.232297743,-20.5322092974,-20.3186843188,-21
224,-18.0738081697,-20.2332457655,-20.5156561599,-20.2565059799,-20
225,-18.0166862872,-20.227560758,-20.4975746682,-20.2278804195,-21
226,-17.9282986692,-20.2181423832,-20.4832166208,-20.2319833973,-21
227,-17.8048348242,-20.2115967014,-20.4802376281,-20.2581225632,-21
228,-17.6644130762,-20.2145378711,-20.4945634481,-20.2905866175,-20
229,-17.5451744064,-20.2308874468,-20.5263295095,-20.3162383307,-20
230,-17.4907264424,-20.2606140407,-20.5684954981,-20.3305764352,-21
231,-17.5288379945,-20.2999771638,-20.6094407096,-20.3386874996,-20
232,-17.6550474541,-20.3425226179,-20.6386191881,-20.3505359628,-21
233,-17.8308692968,-20.3806955079,-20.6516257637,-20.3737430687,-20
234,-17.9972728221,-20.407674582,-20.6519550767,-20.4086936828,-21
235,-18.0965218764,-20.4187207703,-20.6477659963,-20.4479359659,-20
236,-18.0923404285,-20.4115406941,-20.6462038662,-20.4800118486,-21
237,-17.9802912965,-20.3863618855,-20.6479214039,-20.494095311,-20
238,-17.7863976415,-20.3459952564,-20.6461160207,-20.483560231,-21
239,-17.5569122651,-20.2961641318,-20.6296731703,-20.4474138895,-20
240,-17.343209524,-20.2452718645,-20.5887601011,-20.390146577,-20
241,-17.1874905809,-20.2024768103,-20.5193094203,-20.3211911966,-18
242,-17.1116314661,-20.1751941639,-20.4241519733,-20.2531631878,-21
243,-17.1128355441,-20.1668323894,-20.3116486077,-20.1991102014,-20
244,-17.1672943468,-20.1768312266,-20.1940416233,-20.1692459087,-20
245,-17.2407900014,-20.2016693115,-20.0858756272,-20.1687011148,-21
246,-17.3021100845,-20.2361999171,-20.0025971926,-20.1966052818,-21
247,-17.3326548959,-20.2741411751,-19.9569551731,-20.2467075024,-21
248,-17.3301171526,-20.3088689397,-19.9541859243,-20.3092259227,-21
249,-17.3055494619,-20.3346560724,-19.9884670855,-20.3732345733,-19
250,-17.2775665053,-20.3483403666,-20.0436236073,-20.4298269098,-20
251,-17.2659372268,-20.3496886525,-20.0992904205,-20.4742105748,-20
252,-17.2860095733,-20.3408054688,-20.1389562356,-20.5058586103,-21
253,-17.3456377756,-20.324990399,-20.1561733538,-20.5267072102,-21
254,-17.4440802975,-20.3066083477,-20.1555024666,-20.539145597,-21
255,-17.5734195997,-20.2917197715,-20.1481742479,-20.5451243147,-21
256,-17.7209246596,-20.2879147158,-20.1450131855,-20.5466534173,-19
257,-17.8704283148,-20.3018004526,-20.1502053935,-20.5463207025,-21
258,-18.0025985538,-20.3349627865,-20.1596941051,-20.5461231294,-21
259,-18.0951024038,-20.3813703773,-20.1644437285,-20.5455438156,-20
260,-18.1266850109,-20.4283254005,-20.1570820424,-20.5401172751,-19
261,-18.0841949036,-20.4610467264,-20.1364112556,-20.5226519935,-19
262,-17.9709451356,-20.4686552925,-20.1081099826,-20.4868260496,-21
263,-17.8098873057,-20.4478341421,-20.0805292797,-20.4308644524,-19
264,-17.6367664942,-20.4027240297,-20.0601157444,-20.3591015778,-21
265,-17.4860698527,-20.3417035236,-20.0490623239,-20.2804522858,-19
266,-17.3746029581,-20.2728578704,-20.0467150605,-20.2049793307,-20
267,-17.2960096404,-20.2009912126,-20.0527891891,-20.1408733162,-20
268,-17.2277474962,-20.1274453575,-20.0698190924,-20.093648634,-21
269,-17.1465234432,-20.0526361003,-20.1032058598,-20.066634773,-21
270,-17.040422578,-19.9797485214,-20.1585216825,-20.0618619315,-21
271,-16.910690368,-19.9162561593,-20.237220888,-20.07986491,-21
272,-16.7658032792,-19.8719801553,-20.3336146824,-20.1184706232,-19
273,-16.6133515412,-19.8526132751,-20.4348452489,-20.171518977,-21
274,-16.4574396905,-19.8539544731,-20.5243136305,-20.2293726191,-19
275,-16.3007807003,-19.8605396038,-20.5869198661,-20.280805175,-19
276,-16.1477064823,-19.8514333943,-20.612261837,-20.3166160445,-21
277,-16.0044194935,-19.8102845167,-20.5954949496,-20.3326688777,-21
278,-15.8777475379,-19.7336801323,-20.5363451982,-20.330877568,-19
279,-15.7741785022,-19.6330154756,-20.4387872886,-20.3174879143,-21
280,-15.7017098446,-19.5292459929,-20.3118569295,-20.2998819594,-21
281,-15.6719319199,-19.4437985462,-20.1708345077,-20.2845378306,-21
282,-15.6982524958,-19.3896879291,-20.036558092,-20.2765973858,-21
283,-15.7879755371,-19.3660445665,-19.9315734428,-20.2801489698,-20
284,-15.9325901526,-19.3587858696,-19.8743208191,-20.296997775,-20
285,-16.1023569416,-19.347059394,-19.8727856569,-20.3249704051,-20
286,-16.253954419,-19.3137194581,-19.9217054736,-20.3564887012,-21
287,-16.3497162215,-19.2542081323,-20.0041562112,-20.3805729365,-21
288,-16.3778779752,-19.1790838145,-20.0980645504,-20.3871951241,-20
289,-16.3607328198,-19.1084310501,-20.1838966156,-20.3718967901,-20
290,-16.3421188673,-19.0621791961,-20.2501566461,-20.3377640254,-19
291,-16.3619116717,-19.052172167,-20.2942298808,-20.2938691537,-20
292,-16.4297346678,-19.0799046357,-20.3195713428,-20.2516971096,-19
293,-16.5167060777,-19.1389919108,-20.331687564,-20.2213424293,-20
294,-16.56789791,-19.2188886972,-20.3353050791,-20.2095229148,-21
295,-16.5308754657,-19.3068619279,-20.3333861252,-20.2174670069,-21
296,-16.381997885,-19.3876907458,-20.3270754337,-20.2401323165,-21
297,-16.1377965102,-19.4440658502,-20.3162119653,-20.2661444789,-19
298,-15.8466755202,-19.4597830235,-20.2999180204,-20.2799330525,-20
299,-15.5670214145,-19.4247247305,-20.2775360213,-20.2660835943,-19
300,-15.344774032,-19.3399336442,-20.2493884039,-20.2151936284,-19
301,-15.19993561,-19.2189965873,-20.2176220464,-20.1288839863,-21
302,-15.1269388057,-19.0833337146,-20.1865252323,-20.0214762428,-21
303,-15.1047369209,-18.9539152769,-20.1626631597,-19.9166732775,-21
304,-15.110280903,-18.8435457282,-20.1537338257,-19.8397380846,-20
305,-15.1275232977,-18.7540629731,-20.1662898646,-19.8085569517,-20
306,-15.147582316,-18.6789452856,-20.2021730394,-19.8280501458,-21
307,-15.1613521124,-18.6081669481,-20.2554373629,-19.8907128369,-20
308,-15.1515589815,-18.5317969334,-20.3115176712,-19.9817362478,-19
309,-15.0919261964,-18.4418037581,-20.3503815999,-20.0847378545,-19
310,-14.958859056,-18.3336876816,-20.3535529032,-20.184922394,-20
311,-14.7471648476,-18.2078764178,-20.3122885794,-20.2702802565,-20
312,-14.479722496,-18.0691198082,-20.2330523736,-20.3322677724,-20
313,-14.2020849356,-17.9244453339,-20.1371415462,-20.3670954526,-20
314,-13.9642888945,-17.7807156624,-20.0528653388,-20.3763485794,-20
315,-13.8029988467,-17.6439866609,-20.0039589972,-20.3651834578,-20
316,-13.7322599588,-17.5217456602,-19.9995398907,-20.3398161301,-20
317,-13.7475591504,-17.4235807865,-20.0307669526,-20.3061128561,-20
318,-13.833688644,-17.3586749947,-20.0761716983,-20.2704131798,-21
319,-13.9704005382,-17.3301019206,-20.1116485811,-20.2406951417,-20
320,-14.1331463871,-17.330327179,-20.1199086225,-20.2258078396,-20
321,-14.2959814588,-17.3423534173,-20.0949595684,-20.2312351901,-20
322,-14.4376068351,-17.344803133,-20.040977334,-20.2552863764,-19
323,-14.5490911077,-17.3198195779,-19.9684520431,-20.287986181,-21
324,-14.6333786221,-17.2593920517,-19.8900196414,-20.3145845483,-20
325,-14.6961107661,-17.169400237,-19.818422833,-20.3210435265,-21
326,-14.733886244,-17.0696665697,-19.7651654247,-20.2980827101,-20
327,-14.7286954534,-16.9895309383,-19.739676616,-20.2427169829,-21
328,-14.654599011,-16.9578167993,-19.747191686,-20.1578826234,-21
329,-14.4915269974,-16.9912713312,-19.7863143725,-20.0516809281,-21
330,-14.236470561,-17.0864588901,-19.8475028319,-19.9371296988,-20
331,-13.906910229,-17.2203734571,-19.9148840306,-19.8304621381,-20
332,-13.5364036608,-17.3600998583,-19.9717111651,-19.747268294,-21
333,-13.1652146445,-17.475860408,-20.0073400047,-19.6974781757,-20
334,-12.8296396471,-17.5498683694,-20.0217501405,-19.6817695456,-19
335,-12.5513416851,-17.5787992577,-20.0247408227,-19.6916646644,-21
336,-12.3316764106,-17.5700708143,-20.0292948735,-19.7128641056,-20
337,-12.1536281921,-17.5375411178,-20.0430550284,-19.7306393943,-21
338,-11.9918672492,-17.4978019727,-20.0626233385,-19.7351293742,-21
339,-11.8234477076,-17.4678477222,-20.0751041343,-19.7251384344,-20
340,-11.6346003228,-17.4637837033,-20.0653741327,-19.7087489906,-21
341,-11.4217250104,-17.4967692737,-20.0258517403,-19.6993180068,-21
342,-11.1892872855,-17.5686316779,-19.9624717963,-19.7087251542,-20
343,-10.9478808134,-17.6681153497,-19.8936465556,-19.7411172312,-21
344,-10.7120510347,-17.7704248604,-19.8427670717,-19.7912825367,-21
345,-10.4994331969,-17.8425779407,-19.8280421609,-19.8484440834,-21
346,-10.3303143545,-17.8530305946,-19.8548994465,-19.9029153858,-20
347,-10.2274734454,-17.7832471912,-19.9143355346,-19.9511794007,-19
348,-10.211329096,-17.6357494534,-19.987857137,-19.9975949412,-21
349,-10.2905219113,-17.434840269,-20.0557814948,-20.0514568522,-21
350,-10.4501644364,-17.2191247942,-20.1045612588,-20.1219938249,-19
351,-10.6464465973,-17.0292318088,-20.1302343661,-20.2126109066,-21
352,-10.8169616108,-16.8967891997,-20.1359230194,-20.3170053609,-21
353,-10.9028089024,-16.8376698595,-20.1274443129,-20.4194159722,-21
354,-10.8730173896,-16.8501610532,-20.1098514131,-20.4997136864,-21
355,-10.7360375827,-16.9169308715,-20.0872015207,-20.5413245842,-21
356,-10.5331383991,-17.0095576979,-20.0649612723,-20.5386551451,-21
357,-10.3173651992,-17.095995318,-20.0509467159,-20.4999381371,-20
358,-10.1348353181,-17.1493730643,-20.052789625,-20.4435776845,-21
359,-10.0157855076,-17.1548501776,-20.0728120883,-20.3903462166,-20
360,-9.9762253633,-17.1089099487,-20.1044140595,-20.3549819817,-20
361,-10.0212615569,-17.0139030066,-20.1333633018,-20.3421476635,-21
362,-10.142190294,-16.8708041002,-20.1439444474,-20.3476721669,-18
363,-10.3118221974,-16.6774948731,-20.1264051525,-20.3631544165,-21
364,-10.4861215611,-16.4336650749,-20.081461883,-20.3799716141,-20
365,-10.619202941,-16.1479805198,-20.0194561734,-20.391003417,-21
366,-10.6843304994,-15.8421124251,-19.9548891738,-20.3906974186,-21
367,-10.6864646083,-15.5473339941,-19.8980844977,-20.3757008386,-20
368,-10.6567015052,-15.295755232,-19.848982164,-20.3469412141,-20
369,-10.6327340638,-15.1111500887,-19.7959860632,-20.3111765904,-19
370,-10.6381589235,-15.0027461924,-19.7206027571,-20.280055381,-21
371,-10.6737721798,-14.9640333954,-19.6066519843,-20.2658098036,-20
372,-10.7228769641,-14.9774376981,-19.4492643552,-20.2756035022,-20
373,-10.7644308209,-15.0187274106,-19.2591773653,-20.3075033044,-20
374,-10.7843426221,-15.0629911467,-19.0614740275,-20.3513264475,-21
375,-10.7787993418,-15.0883266906,-18.8879979002,-20.3933904977,-21
376,-10.7508123584,-15.0803434066,-18.7671472227,-20.4228502887,-21
377,-10.7010930207,-15.0350528184,-18.7151299753,-20.4354494874,-21
378,-10.6222556602,-14.960805937,-18.7319670172,-20.4329630962,-19
379,-10.498170358,-14.8752523111,-18.8045513435,-20.4197671611,-20
380,-10.3121347531,-14.7961508572,-18.9138328034,-20.3986488305,-21
381,-10.0584447764,-14.7319461722,-19.0419540175,-20.3694156877,-21
382,-9.7478722669,-14.6749992262,-19.1762231446,-20.3303984612,-20
383,-9.4036226196,-14.605868815,-19.307896433,-20.2814509749,-20
384,-9.0503270969,-14.5037593449,-19.4288167495,-20.2256480671,-21
385,-8.7022468762,-14.3573176799,-19.5285849116,-20.1682801803,-20
386,-8.3586024412,-14.1673114177,-19.5952576691,-20.1143912302,-21
387,-8.0096753937,-13.9427238418,-19.6203324901,-20.0669292771,-20
388,-7.6499241173,-13.6953691588,-19.6045912472,-20.0268158562,-20
389,-7.2922567922,-13.4380080156,-19.5609655101,-19.9943511157,-21
390,-6.9681162983,-13.1847654418,-19.5112853115,-19.9698481766,-21
391,-6.7113468539,-12.9496480676,-19.4773128065,-19.9531108201,-21
392,-6.5316602897,-12.7421870335,-19.4720976228,-19.9425680423,-21
393,-6.4010857719,-12.5604277634,-19.4956055283,-19.9352328488,-21
394,-6.2674713275,-12.3864065939,-19.5370512278,-19.9284233558,-20
395,-6.0928614907,-12.1839914142,-19.581552893,-19.9212255434,-20
396,-5.8864693247,-11.9022703276,-19.6160596482,-19.9141980569,-20
397,-5.705119001,-11.4878662877,-19.6327031694,-19.9073750754,-20
398,-5.616209646,-10.9102563585,-19.6300758621,-19.8988860141,-21
399,-5.6485296545,-10.1896351244,-19.6125816747,-19.8854754356,-20
400,-5.7674688467,-9.4136284494,-19.5888722381,-19.8658957852,-21
401,-5.8886769287,-8.7242110093,-19.5676056538,-19.8427374395,-21
402,-5.9181421325,-8.2774353258,-19.5524708385,-19.820438952,-19
403,-5.7905740456,-8.1905420005,-19.5401145322,-19.7994928729,-20
404,-5.4895749512,-8.5018159789,-19.5238235508,-19.7715771561,-20
405,-5.0451188578,-9.1560499891,-19.5009665852,-19.7221006864,-21
406,-4.5192472652,-10.0214669341,-19.4781349907,-19.6398099901,-19
407,-3.9902601779,-10.9295921353,-19.4687351117,-19.5291053147,-19
408,-3.5367621668,-11.7205424751,-19.4843921886,-19.4145721768,-21
409,-3.2240741534,-12.2814386041,-19.5262887424,-19.3328614508,-21
410,-3.0943305463,-12.5649464709,-19.5827049428,-19.3145485742,-19
411,-3.1572047151,-12.585545581,-19.6339107891,-19.3668656309,-21
412,-3.3852137184,-12.4023289608,-19.6604656976,-19.4687562912,-21
413,-3.7136345393,-12.095435941,-19.6499016276,-19.5818515632,-21
414,-4.0478264589,-11.7461288055,-19.5987354846,-19.6704050404,-19
415,-4.2838931245,-11.4221437599,-19.5105433037,-19.7175626415,-21
416,-4.3367498581,-11.1660831788,-19.3926540027,-19.7285057396,-19
417,-4.1678225093,-10.9864987536,-19.2535279856,-19.7192448734,-19
418,-3.7969564881,-10.8592038745,-19.101632329,-19.7006867552,-20
419,-3.2943438186,-10.7354955738,-18.946210192,-19.6688695073,-20
420,-2.7548218166,-10.5562553248,-18.7975698665,-19.608555861,-20
421,-2.2689412635,-10.2666490285,-18.667517322,-19.5062263816,-21
422,-1.9003238314,-9.8258493054,-18.568479529,-19.3634947816,-21
423,-1.6739863126,-9.2155858276,-18.5107941665,-19.2019714791,-21
424,-1.5764472125,-8.4439406141,-18.4985278099,-19.0567965367,-20
425,-1.5644997624,-7.5417028732,-18.5252078424,-18.9626616195,-21
426,-1.5820479443,-6.5493329935,-18.5738150814,-18.9406346799,-20
427,-1.5777260439,-5.5026991403,-18.6229657568,-18.9908957018,-21
428,-1.5172325515,-4.4297040763,-18.6584480056,-19.0943225771,-21
429,-1.3882935168,-3.3632125333,-18.6826290602,-19.2210888848,-20
430,-1.2038277781,-2.3582341334,-18.7145741542,-19.3415865712,-20
431,-1.0030085641,-1.4893768415,-18.7784419914,-19.4350684847,-21
432,-0.8461745111,-0.8222746296,-18.8870714111,-19.4923218261,-21
433,-0.7985792559,-0.3778579441,-19.0305502582,-19.5132604521,-21
434,-0.9056417095,-0.1167931906,-19.1776244245,-19.502735495,-21
435,-1.1736494721,0.0357234501,-19.2895598511,-19.4683643374,-21
436,-1.5667788749,0.1440422002,-19.3386517867,-19.4198397595,-21
437,-2.0173713073,0.2294980905,-19.3209164222,-19.3687942956,-21
438,-2.4445512096,0.2708400574,-19.2575248681,-19.3269589403,-21
439,-2.7722495065,0.2339638837,-19.1838472573,-19.3031265294,-19
440,-2.9434637588,0.1038746554,-19.1330725005,-19.3006490523,-20
441,-2.9287739619,-0.1030116812,-19.122115465,-19.3177241655,-21
442,-2.7257795218,-0.3468266228,-19.1463645787,-19.35027327,-21
443,-2.3485080196,-0.580210296,-19.1857165679,-19.3949821648,-19
444,-1.8168097368,-0.7621297639,-19.2172446195,-19.4494076699,-19
445,-1.1543839507,-0.8678318246,-19.2270815121,-19.5095225267,-21
446,-0.398929946,-0.8978509539,-19.2148123378,-19.5670266674,-21
447,0.3882203077,-0.8851344806,-19.1896701193,-19.6100855228,-20
448,1.1252347956,-0.8853977617,-19.1635181885,-19.6276606364,-21
449,1.7297192537,-0.9537897304,-19.1462451461,-19.6152068499,-20
450,2.1450562291,-1.1143730709,-19.1456351262,-19.5759366437,-21
451,2.359202427,-1.3453236793,-19.1684886284,-19.5179628813,-21
452,2.4055012654,-1.589069879,-19.219039074,-19.4489742334,-21
453,2.3488468066,-1.780654517,-19.2941175288,-19.3739113225,-21
454,2.2648966278,-1.8746818153,-19.3789834845,-19.2968320522,-21
455,2.2216668278,-1.8557686943,-19.4491734024,-19.2246336038,-21
456,2.2666767341,-1.7305549324,-19.4790672809,-19.1688195023,-20
457,2.4220144984,-1.5169771627,-19.4531908514,-19.142100051,-21
458,2.684991082,-1.240110455,-19.3738686907,-19.1521537241,-20
459,3.0340544718,-0.9396597661,-19.2605004759,-19.1964250547,-20
460,3.4390743623,-0.6710342481,-19.1416566737,-19.2614962861,-19
461,3.871466,-0.4932150096,-19.0434614831,-19.3283766659,-21
462,4.3114855192,-0.4441805666,-18.9815953821,-19.380067679,-21
463,4.7477923038,-0.5205402202,-18.9588129812,-19.4078810714,-20
464,5.1666524095,-0.6748247255,-18.9686532815,-19.4139105582,-20
465,5.5362146564,-0.8354848929,-19.0005828979,-19.4083427931,-21
466,5.8001127361,-0.9370794588,-19.042693067,-19.4034749387,-21
467,5.8926650596,-0.9459317405,-19.0810670842,-19.4068519766,-21
468,5.7744947276,-0.8645218642,-19.0981452673,-19.4165726192,-20
469,5.4693512763,-0.7216693097,-19.0741203424,-19.420957697,-20
470,5.0729724359,-0.5543389595,-18.9944099748,-19.403681553,-21
471,4.722604961,-0.394896351,-18.859366441,-19.3517573759,-21
472,4.542590409,-0.2664070806,-18.6904406616,-19.262403796,-20
473,4.5979647715,-0.1831794093,-18.5254298106,-19.1452602982,-20
474,4.8815749684,-0.1482593719,-18.4038850769,-19.0179315086,-21
475,5.3322043149,-0.1534403027,-18.3500375919,-18.8990511618,-21
476,5.8675632499,-0.1783839916,-18.3634738247,-18.8017852759,-20
477,6.4110759967,-0.1946478648,-18.4221825477,-18.732030285,-20
478,6.9062333665,-0.170941537,-18.4950751874,-18.6896209227,-20
479,7.3191037444,-0.0764977129,-18.5551601112,-18.6713188869,-21
480,7.6365689026,0.1208476802,-18.5874907657,-18.6730524631,-21
481,7.8636133889,0.4574905334,-18.5908342918,-18.6895550899,-19
482,8.0198240233,0.9700082894,-18.5752479125,-18.7139442537,-19
483,8.1340873362,1.6756714554,-18.5569693903,-18.7381126001,-21
484,8.2338772739,2.5473641682,-18.5510112414,-18.7553417032,-21
485,8.3352817892,3.4994290168,-18.5637983588,-18.7639215771,-20
486,8.4363449323,4.4046801039,-18.5903218963,-18.7689697148,-21
487,8.5198418314,5.1404559849,-18.6175149316,-18.7803310358,-21
488,8.5666074719,5.6417607678,-18.6323129014,-18.8079111558,-20
489,8.5721820057,5.9275483341,-18.6279601071,-18.8567131959,-21
490,8.5561973758,6.08560695,-18.6048749758,-18.9244463588,-21
491,8.5567229307,6.2214141919,-18.5673306317,-19.0013839431,-21
492,8.6124213656,6.4021950147,-18.5201384947,-19.072718319,-21
493,8.7433237129,6.6218320563,-18.4688560878,-19.1225932139,-20
494,8.9460407808,6.8109732871,-18.4222213455,-19.1398097238,-20
495,9.2024638938,6.8802507514,-18.3925264139,-19.1232169138,-21
496,9.4957700776,6.7773995328,-18.3922189475,-19.0833042293,-21
497,9.8157680239,6.5260931409,-18.4279504963,-19.037181502,-19
498,10.1507589802,6.2266534461,-18.4961376612,-18.9986791565,-21
499,10.4748151259,6.0183684153,-18.5823824297,-18.9697935646,-20
500,10.7476279654,6.0214500867,-18.6650425324,-18.9392730627,-19
501,10.9317289879,6.2849941937,-18.7221036815,-18.89032534,-20
502,11.0196042727,6.765780486,-18.7390910835,-18.8117771909,-20
503,11.0451589686,7.3483311553,-18.7145035379,-18.7061308925,-21
504,11.071288888,7.8998889114,-18.6601849741,-18.5893954982,-19
505,11.1560233096,8.3306405721,-18.5946790134,-18.4832651342,-21
506,11.320888222,8.6293028625,-18.5342798337,-18.4055960914,-21
507,11.5387300827,8.8556109057,-18.4858587209,-18.3639238848,-21
508,11.7488281349,9.095238916,-18.4458331223,-18.3554843424,-20
509,11.886126288,9.4026394219,-18.4051540834,-18.3726820804,-19
510,11.9093864144,9.7642519513,-18.3572058473,-18.4090199902,-21
511,11.8161919905,10.0991459533,-18.3039223865,-18.4612248572,-19
512,11.6412868815,10.2949061598,-18.2564598647,-18.5264355084,-19
513,11.4416100916,10.255219842,-18.2294354141,-18.5960471312,-20
514,11.2780536188,9.938861253,-18.2323610876,-18.6522975412,-21
515,11.1979626659,9.3718305741,-18.264494544,-18.6711657054,-20
516,11.2233403296,8.6387696628,-18.3158234447,-18.6319672852,-19
517,11.3446163478,7.8589313317,-18.3746179786,-18.5281736516,-21
518,11.5219790398,7.1572127941,-18.4341391086,-18.3734095328,-19
519,11.694804494,6.6339740989,-18.4930074003,-18.1991467717,-20
520,11.8007685713,6.3430302237,-18.5496435491,-18.0441683915,-21
521,11.7942787136,6.2853513948,-18.5964663979,-17.9419446228,-21
522,11.6593270953,6.4235890057,-18.6196917612,-17.9094891841,-21
523,11.4093620992,6.7103687694,-18.605100001,-17.9432964181,-21
524,11.0790118843,7.1119683734,-18.545690855,-18.0221483382,-21
525,10.7144035568,7.6109647776,-18.4465732532,-18.1153715556,-20
526,10.3666524981,8.1899130358,-18.322824955,-18.1936862824,-19
527,10.0876009504,8.8121478723,-18.1927260411,-18.2386670618,-19
528,9.9267659604,9.4185256932,-18.0697831495,-18.2471165215,-19
529,9.9237195382,9.9450751927,-17.9572817973,-18.2294798519,-21
530,10.0990426047,10.3496762149,-17.8489972054,-18.2036774925,-18
531,10.4446909612,10.6298831216,-17.73555048,-18.187368598,-21
532,10.9204634825,10.8214319536,-17.6138223865,-18.1919198756,-21
533,11.4609808348,10.9810066639,-17.4936821306,-18.2202270135,-20
534,11.9950530906,11.1633963953,-17.3972355743,-18.2676205195,-20
535,12.4668474424,11.4011810699,-17.3506794531,-18.3263355715,-20
536,12.8499133399,11.6941956418,-17.3728395489,-18.390044708,-20
537,13.1467277723,12.010335469,-17.4664840073,-18.4574730903,-21
538,13.3765725847,12.2979425843,-17.6158528418,-18.5314560039,-21
539,13.5600746942,12.5043564784,-17.7892510518,-18.6133801921,-19
540,13.7104802561,12.5990766107,-17.9460566199,-18.6977228341,-19
541,13.8329477669,12.5868369771,-18.0469938765,-18.7707683917,-21
542,13.9319066638,12.5056536424,-18.0656021228,-18.816695751,-20
543,14.0184681559,12.4043013347,-17.998326816,-18.8256556421,-21
544,14.1129640743,12.3148530089,-17.8683690513,-18.7991360528,-21
545,14.2376591406,12.2362421242,-17.7194966278,-18.7485043125,-21
546,14.4020484164,12.1423737714,-17.6005915964,-18.6886554793,-21
547,14.5886826349,12.0079856459,-17.5477837084,-18.631743005,-21
548,14.7542037286,11.8302903649,-17.572466734,-18.583044882,-20
549,14.8487212069,11.6319114857,-17.660595221,-18.5404193047,-19
550,14.8450858443,11.449200688,-17.782583043,-18.4957311208,-20
551,14.7602069341,11.3180146094,-17.907277745,-18.4391814381,-21
552,14.6505004855,11.2724304609,-18.012692143,-18.3657126417,-20
553,14.5832328963,11.3454346702,-18.0896493956,-18.2802797033,-20
554,14.600685717,11.5617965437,-18.1388603212,-18.198554517,-21
555,14.7002320997,11.9205626059,-18.1638259171,-18.141319729,-21
556,14.842800434,12.3771379302,-18.1649071166,-18.1257711017,-18
557,14.9801595514,12.8432345982,-18.1382700412,-18.1590929232,-21
558,15.0784691579,13.2102208887,-18.0793845462,-18.2373121381,-20
559,15.1257221441,13.3878710095,-17.9889925637,-18.3490553047,-21
560,15.123730643,13.3420797807,-17.8776714737,-18.4798833371,-20
561,15.0780237464,13.1094393488,-17.7660960089,-18.613838368,-21
562,14.9941837048,12.7817853998,-17.6796900074,-18.7307742865,-21
563,14.8801309241,12.4665585756,-17.6402768686,-18.8042690702,-20
564,14.7475051818,12.2431947648,-17.6577317586,-18.8052275327,-20
565,14.6109502172,12.1376715083,-17.7263320921,-18.7129607482,-20
566,14.4862409308,12.1274968259,-17.8273152188,-18.5294358929,-20
567,14.3916737016,12.1653210464,-17.9351950023,-18.2861531251,-21
568,14.3491150223,12.2071798497,-18.0248019976,-18.0378428325,-20
569,14.3823002761,12.2275121497,-18.0752689731,-17.8435596311,-21
570,14.5100448893,12.2245996193,-18.0725136126,-17.7455565919,-21
571,14.7394363727,12.2187441959,-18.0118598618,-17.7568293315,-21
572,15.0610803696,12.245047655,-17.8993317533,-17.8620282369,-20
573,15.4475826308,12.342609647,-17.7509159325,-18.0291153102,-21
574,15.8540591967,12.5379646922,-17.5873196686,-18.2232686761,-21
575,16.2234401402,12.8295959599,-17.4286434618,-18.4172022953,-20
576,16.497393593,13.181964725,-17.2917995571,-18.5933395456,-21
577,16.6330470139,13.5329675444,-17.1901273637,-18.7410222635,-20
578,16.6188682824,13.8170254691,-17.1333167945,-18.8519460581,-20
579,16.4790363941,13.9928423651,-17.124040926,-18.9190751059,-20
580,16.2652676656,14.0608677299,-17.1530889815,-18.9385920255,-20
581,16.0389490205,14.0597597215,-17.1978861434,-18.9130804601,-21
582,15.8513532312,14.0403917264,-17.2262784906,-18.8513931551,-21
583,15.7300289482,14.0367684398,-17.2063279905,-18.7650955385,-19
584,15.6753316091,14.0534982905,-17.1169543642,-18.6645790727,-21
585,15.6685264905,14.078901983,-16.9568020362,-18.5576299296,-21
586,15.6871303474,14.1080481202,-16.7473922006,-18.4504528097,-21
587,15.7190766715,14.1541411238,-16.5291174686,-18.3489648485,-20
588,15.7667452474,14.2358525775,-16.3509588052,-18.2582302587,-21
589,15.8393188757,14.3566584393,-16.2562105031,-18.1806887564,-20
590,15.9386508003,14.492840327,-16.2683041845,-18.1154560938,-20
591,16.0527832496,14.6038747823,-16.3817369415,-18.0588216986,-20
592,16.1600498546,14.6559997735,-16.5622700135,-18.0048409726,-20
593,16.2412678168,14.6395114677,-16.7558148694,-17.944714126,-21
594,16.287627391,14.5690916351,-16.9039451539,-17.866473309,-21
595,16.3001907387,14.4708881692,-16.959685582,-17.7576657193,-21
596,16.2851874932,14.3660238714,-16.8996848152,-17.6114564441,-19
597,16.2509152845,14.2644056531,-16.7303840166,-17.4334345659,-19
598,16.2081436778,14.1636847584,-16.4882088209,-17.2440067138,-21
599,16.1705196811,14.0559874313,-16.2322350274,-17.0732674331,-21
600,16.1511205156,13.9348652962,-16.0274836604,-16.9497664452,-21
601,16.1575250929,13.8027635141,-15.9244694397,-16.8892294326,-21
602,16.1901719492,13.6734428628,-15.9424660469,-16.8894641592,-21
603,16.2463387336,13.5655366912,-16.0650656127,-16.9341656602,-20
604,16.3270374922,13.4877793866,-16.2487089171,-17.0009792307,-20
605,16.4364262149,13.4277391719,-16.4383917432,-17.069348181,-21
606,16.5737827624,13.3517826943,-16.5821931379,-17.1231614098,-19
607,16.7242848522,13.221911622,-16.6432560954,-17.150689134,-18
608,16.8582877848,13.0179268312,-16.6082212731,-17.1451718357,-21
609,16.9424571576,12.751105014,-16.4927925971,-17.1069878133,-20
610,16.9558182767,12.4591853805,-16.3392585964,-17.0451915661,-21
611,16.9011908546,12.1887304767,-16.2055196018,-16.9760237482,-20
612,16.8040200308,11.9767324683,-16.1433592988,-16.9163825375,-19
613,16.7006681257,11.8421570023,-16.1771809054,-16.8756667839,-21
614,16.6227014515,11.785376009,-16.2927179036,-16.8507715722,-21
615,16.5850534564,11.7942844093,-16.4421025273,-16.8280662685,-21
616,16.5823553283,11.8479505824,-16.5645606589,-16.7907074152,-20
617,16.5957953581,11.9235320957,-16.6115767939,-16.72767136,-21
618,16.6045779771,12.0036389824,-16.5656576099,-16.6388473977,-18
619,16.5971126794,12.0831956339,-16.4430771786,-16.5357932981,-20
620,16.5759302558,12.1679286251,-16.2829345718,-16.4400342784,-21
621,16.5520116939,12.2659119255,-16.1294130964,-16.3784061391,-21
622,16.5348515484,12.3764328966,-16.0161849641,-16.3762091053,-19
623,16.5241692655,12.4898185669,-15.9581319726,-16.4469194603,-21
624,16.5105868249,12.5951942126,-15.9503464554,-16.5831128681,-21
625,16.4844303114,12.6907478745,-15.974738021,-16.7539549403,-20
626,16.4455342183,12.7841030233,-16.008227217,-16.9145004328,-19
627,16.4063798328,12.8855418993,-16.0311128655,-17.0225571766,-20
628,16.3850639666,12.9997930238,-16.0311706531,-17.0551684198,-20
629,16.3936753535,13.1242453343,-16.0033419948,-17.0169097352,-21
630,16.4287074408,13.2506414579,-15.9466935902,-16.9360397149,-20
631,16.4729993832,13.3699749091,-15.863208941,-16.8510269326,-21
632,16.5071981896,13.4734772019,-15.7579584631,-16.7934437,-20
633,16.5244865909,13.5516884898,-15.6386611711,-16.7728954283,-20
634,16.5382521686,13.594403324,-15.512752714,-16.7727931683,-21
635,16.5784181913,13.5909006329,-15.3846641661,-16.7584148663,-21
636,16.6760950136,13.5328458778,-15.2559962592,-16.6953496163,-21
637,16.8475707779,13.4187742104,-15.1329981972,-16.5684753136,-21
638,17.0848605391,13.2609190895,-15.0306342793,-16.3927114934,-21
639,17.3573816545,13.090320202,-14.970586847,-16.2091228506,-21
640,17.622923112,12.9551457013,-14.9683457449,-16.0693493525,-20
641,17.840675946,12.9109155985,-15.0192772738,-16.0143495531,-20
642,17.9816557403,13.000526928,-15.0940876008,-16.0547325582,-21
643,18.0339812231,13.2346166089,-15.149441781,-16.1624242875,-20
644,18.0024328977,13.5811706161,-15.1478913066,-16.2793670768,-21
645,17.9034480788,13.9719149211,-15.075332131,-16.3421953541,-20
646,17.7598530878,14.3251909028,-14.945884938,-16.3118044999,-20
647,17.5967962542,14.5767863292,-14.7923891507,-16.1897916484,-20
648,17.4409068943,14.7029786961,-14.6487274826,-16.0116010087,-21
649,17.3178513762,14.7265074784,-14.5350567318,-15.8218329383,-21
650,17.2469439701,14.7002722779,-14.4507029963,-15.650876988,-20
651,17.2321294516,14.6791708696,-14.3825587236,-15.5071396141,-21
652,17.2564985708,14.6930094617,-14.3198064051,-15.3870401018,-21
653,17.2857141029,14.7360994465,-14.2671602051,-15.2899943463,-21
654,17.2813739571,14.7769855059,-14.2464329708,-15.2248910565,-21
655,17.2188801066,14.7816854869,-14.2834968854,-15.2060399439,-21
656,17.0986512388,14.7355143826,-14.3903021061,-15.2434212087,-21
657,16.944940686,14.6530127814,-14.5547458997,-15.3356632492,-21
658,16.7907701335,14.5715230376,-14.7444657746,-15.4684520971,-20
659,16.656747288,14.5335939577,-14.9215830235,-15.6180166173,-20
660,16.5366029668,14.5697584305,-15.0565372659,-15.7557784345,-18
661,16.4014914187,14.68874511,-15.1339880219,-15.852741331,-21
662,16.2202330904,14.8786517877,-15.1482400796,-15.8831780561,-21
663,15.9823675657,15.115160492,-15.0973225697,-15.8269639536,-19
664,15.7079493939,15.3712077202,-14.9789013538,-15.6748185812,-20
665,15.4383713515,15.6214541926,-14.7946452248,-15.4352803471,-19
666,15.2156169476,15.8415219438,-14.5587521917,-15.1390858878,-20
667,15.0649386429,16.0060845211,-14.3036351467,-14.8366612532,-17
668,14.9904134164,16.088612993,-14.0763374495,-14.5855118791,-19
669,14.9815324783,16.0678556984,-13.9224691216,-14.4333962544,-20
670,15.0230192606,15.9383610346,-13.8667617018,-14.4058899672,-21
671,15.1005910394,15.7175996844,-13.9027618667,-14.5035078902,-21
672,15.2032057138,15.4441187658,-13.9986991169,-14.7059373387,-17
673,15.3236811749,15.1652238243,-14.1164314125,-14.9778713666,-21
674,15.4596236952,14.9192967425,-14.2306548886,-15.2740947597,-21
675,15.6118700718,14.7252265111,-14.3366812697,-15.5444320839,-21
676,15.7810476724,14.5833081943,-14.4425260075,-15.7432079792,-20
677,15.9636060172,14.4866685849,-14.5534458021,-15.841589036,-20
678,16.1538683198,14.4353597763,-14.6601908123,-15.8374072263,-21
679,16.3496957201,14.4401007179,-14.7397449182,-15.7546827006,-21
680,16.5565698245,14.5130866447,-14.7657782185,-15.6306243333,-21
681,16.7824698791,14.6498578934,-14.7216240646,-15.4965286875,-21
682,17.0262596212,14.817628832,-14.6054536807,-15.3643884621,-21
683,17.2684104438,14.9617208147,-14.4261294461,-15.2282643453,-21
684,17.4738365502,15.0301404142,-14.1930219428,-15.0764626682,-19
685,17.6051195396,15.0026134607,-13.9108608487,-14.9053081797,-20
686,17.6379635302,14.9037520558,-13.5848351078,-14.7209593514,-20
687,17.5705669315,14.7923141427,-13.2343490591,-14.5314974325,-21
688,17.4229346008,14.731780566,-12.902433502,-14.3377580539,-21
689,17.2299680771,14.7617019133,-12.6517914177,-14.1328669493,-20
690,17.0320664209,14.8855424566,-12.5420052911,-13.9126309923,-20
691,16.8646016053,15.0763254467,-12.600823751,-13.6906226206,-21
692,16.7493609283,15.292805501,-12.8063827828,-13.5030518671,-20
693,16.6900462243,15.4961716301,-13.0918614276,-13.3991086663,-20
694,16.6752081535,15.6579924523,-13.3717143736,-13.4175586286,-20
695,16.6871980381,15.7615327156,-13.5696280735,-13.5629633658,-20
696,16.7111757765,15.8000634116,-13.6368843475,-13.796239741,-20
697,16.7379749479,15.7750443671,-13.5562007418,-14.0480609432,-21
698,16.7615849279,15.6974027338,-13.3391341418,-14.2501146754,-21
699,16.7764626991,15.5891711419,-13.0232771871,-14.3649217571,-20
700,16.7787688557,15.4823182984,-12.6688268777,-14.3987733381,-21
701,16.7709910277,15.4114295125,-12.3479053157,-14.3887392647,-21
702,16.7636681274,15.4037690716,-12.1259454975,-14.3747502862,-21
703,16.7706377996,15.4692746774,-12.0401048137,-14.3761483948,-21
704,16.7999438838,15.599134869,-12.0860074282,-14.3857933647,-21
705,16.8467864396,15.7721499538,-12.2208674403,-14.3830308083,-21
706,16.8938487513,15.9657280047,-12.3809172881,-14.354080039,-21
707,16.9186747004,16.1647760381,-12.5064380141,-14.302976091,-21
708,16.9051415651,16.3628299788,-12.5634096585,-14.2469998595,-21
709,16.8518183052,16.5543378432,-12.55169162,-14.200121404,-18
710,16.7744380337,16.7218991867,-12.498224281,-14.1591695618,-21
711,16.7002741442,16.8289499193,-12.4389552843,-14.1009446438,-20
712,16.6565567644,16.8246551284,-12.4008805534,-13.9926434307,-21
713,16.6594862466,16.6654054497,-12.3951594366,-13.8079188425,-21
714,16.7078224304,16.3427547626,-12.4218876351,-13.5382773707,-21
715,16.7852562266,15.902475304,-12.4807046028,-13.1961862276,-20
716,16.8694747349,15.4400042486,-12.5753136766,-12.8083462548,-21
717,16.9414394704,15.0688133751,-12.7096164813,-12.4079884096,-20
718,16.9924738918,14.87622333,-12.8759223302,-12.0302321574,-21
719,17.0255998848,14.8904183731,-13.0487457954,-11.7120058705,-21
720,17.0512988786,15.0767229379,-13.1901805712,-11.4896096043,-21
721,17.0801096865,15.3634792526,-13.2644866597,-11.3902630922,-19
722,17.1148793842,15.6807908068,-13.2544346367,-11.4198208796,-19
723,17.1470225593,15.988873946,-13.1683687045,-11.5544090981,-19
724,17.1575891327,16.2821509691,-13.0345649687,-11.7458564498,-21
725,17.1250554797,16.5710692137,-12.8868836879,-11.93728588,-21
726,17.0367728697,16.85900889,-12.749088199,-12.0825929364,-21
727,16.8990908633,17.1298864462,-12.6278800998,-12.1584216819,-20
728,16.7406979339,17.3522330618,-12.516667265,-12.1655647567,-21
729,16.6035936739,17.4929041705,-12.4052427185,-12.1245021212,-19
730,16.5248195933,17.5287878598,-12.2875255886,-12.0684025287,-20
731,16.5187917894,17.4512316732,-12.1612876734,-12.0360266435,-21
732,16.5714915946,17.2628714724,-12.0246710393,-12.0628139201,-21
733,16.6496732236,16.9754011995,-11.8756678145,-12.169316783,-21
734,16.7191544996,16.6103689513,-11.7178548818,-12.3516710145,-21
735,16.7587942273,16.2037213062,-11.5651812518,-12.5791300761,-21
736,16.7642523491,15.8057360311,-11.4416976668,-12.8058765551,-21
737,16.7429081402,15.4730316911,-11.3727125332,-12.9902155069,-21
738,16.7068743279,15.2521010394,-11.3729149182,-13.1136977125,-21
739,16.6680061568,15.1608445687,-11.4381136565,-13.1869714586,-21
740,16.6357914528,15.1793138711,-11.5448045254,-13.2381715865,-21
741,16.6160968849,15.255989294,-11.6581738923,-13.2916343703,-20
742,16.6102131521,15.3299680631,-11.7444629377,-13.3498565393,-21
743,16.6166719012,15.35626071,-11.7862563,-13.3916486662,-21
744,16.6339815581,15.322899626,-11.7896690443,-13.384670872,-21
745,16.6628476662,15.250709418,-11.7830160259,-13.3045487426,-19
746,16.7049885528,15.1777778599,-11.8027584449,-13.1450576708,-20
747,16.7590675807,15.1385872082,-11.8741928543,-12.9168842226,-21
748,16.815449696,15.1480533326,-11.9971565257,-12.6382614169,-20
749,16.8571913492,15.1963602236,-12.1464447484,-12.3276266583,-21
750,16.8657821537,15.2563910636,-12.2842305969,-12.0025886693,-20
751,16.8313457809,15.2984783079,-12.3800991515,-11.6826350177,-20
752,16.7597381636,15.3066832102,-12.4226344875,-11.3896166076,-21
753,16.670788586,15.2896785566,-12.4195471321,-11.142411175,-20
754,16.5880846241,15.2780125843,-12.3859335901,-10.9504933187,-21
755,16.5258376427,15.311458342,-12.3306623604,-10.8111371691,-19
756,16.4817225819,15.4219345848,-12.2507401251,-10.7141698673,-21
757,16.4404219191,15.6227357972,-12.1367646459,-10.648542203,-18
758,16.3851456852,15.9038974975,-11.9830231173,-10.6043257247,-19
759,16.3091602464,16.2335696674,-11.7968913865,-10.5690356273,-21
760,16.2209788534,16.5624466892,-11.6002400835,-10.5226884457,-21
761,16.1412346365,16.8339055203,-11.4235640534,-10.4386748438,-21
762,16.0933076942,17.0007586836,-11.2942078566,-10.293111382,-20
763,16.0912210666,17.0431460796,-11.2236110125,-10.0756111422,-20
764,16.1314201035,16.9781257837,-11.1998395568,-9.7973160831,-21
765,16.1924122802,16.853211907,-11.1887264694,-9.4911416312,-21
766,16.2449840783,16.7267521885,-11.1469244545,-9.2053959997,-21
767,16.267891729,16.6466535296,-11.0416876489,-8.9929071135,-21
768,16.2603945785,16.6377770417,-10.8669829629,-8.8982572655,-20
769,16.2450508086,16.6991435766,-10.6494364653,-8.9467502292,-21
770,16.2573393324,16.8089386891,-10.4387414091,-9.1364305137,-21
771,16.3288771551,16.9318293553,-10.2886607034,-9.4370557276,-21
772,16.4722638538,17.028190615,-10.235944064,-9.7966995207,-19
773,16.6747279836,17.0673072157,-10.285097087,-10.1568697143,-20
774,16.8997352982,17.0409573404,-10.4050316165,-10.4688724672,-20
775,17.0951301856,16.9704020002,-10.5407782259,-10.7093104549,-19
776,17.2047324462,16.8994688859,-10.6329218697,-10.8827505822,-20
777,17.1828303057,16.8746369799,-10.639800726,-11.0097002463,-21
778,17.0092741462,16.9208766483,-10.5476517668,-11.103894473,-21
779,16.7001932416,17.0286697741,-10.3707192151,-11.1536424785,-20
780,16.3069831368,17.15904966,-10.1427761168,-11.1233019272,-21
781,15.9026948712,17.2657640711,-9.9093558213,-10.9759227739,-20
782,15.5581329727,17.3199143993,-9.7215286444,-10.7061627768,-20
783,15.320095942,17.3241091418,-9.6300828279,-10.3584815185,-21
784,15.2015512296,17.3079036031,-9.6746977793,-10.0164879187,-21
785,15.1885519715,17.3067701526,-9.8708229851,-9.7688141648,-21
786,15.2558674278,17.3396346311,-10.1990261289,-9.6724173225,-21
787,15.3801518532,17.3973060318,-10.6050590397,-9.7351071253,-21
788,15.5417306952,17.4499906146,-11.0146415952,-9.9223888233,-19
789,15.7175177724,17.4655949093,-11.3600055901,-10.1773743956,-20
790,15.8762628965,17.4267898423,-11.6050973247,-10.4393354077,-21
791,15.9856677811,17.3355654815,-11.7537748689,-10.6551857379,-20
792,16.0293730956,17.2069826437,-11.8396048883,-10.7861368936,-21
793,16.0225535731,17.059858719,-11.9049711883,-10.8155955419,-21
794,16.01198448,16.9117941493,-11.9857032567,-10.7545408389,-18
795,16.0579676448,16.7779515834,-12.1065703474,-10.6380506121,-20
796,16.2055584886,16.6724011137,-12.2824164957,-10.5102071996,-19
797,16.4622387109,16.607551904,-12.5130735211,-10.4023400793,-20
798,16.7918685406,16.5898288781,-12.7728639409,-10.3219538775,-21
799,17.1291683242,16.6161759859,-13.0048107457,-10.2582256635,-21
800,17.4059550617,16.6702556854,-13.1326115905,-10.1975713337,-21
801,17.577431169,16.725452582,-13.0894607203,-10.1363015822,-21
802,17.6362207782,16.7524999556,-12.8478108967,-10.0776918813,-21
803,17.6093017777,16.7309952036,-12.4344921387,-10.0186881077,-21
804,17.5400503507,16.6561705366,-11.9201351115,-9.9408077371,-20
805,17.4649626232,16.5383883296,-11.3920370166,-9.8160344549,-21
806,17.397391707,16.3959113008,-10.921326639,-9.6258182862,-20
807,17.3258973768,16.2473000782,-10.5421614964,-9.3774788029,-21
808,17.2270201591,16.1062136386,-10.2489817061,-9.1066735787,-20
809,17.0841940528,15.9785024233,-10.0135476618,-8.863470724,-20
810,16.9011263486,15.8632613646,-9.8100641254,-8.6938189243,-19
811,16.7032004937,15.755895589,-9.6363788892,-8.6257393758,-19
812,16.5256741592,15.6559453678,-9.5201580155,-8.6665293244,-21
813,16.3972783899,15.5732237275,-9.5071386936,-8.8041116078,-20
814,16.3258586913,15.5274820977,-9.6358734736,-9.0091959178,-21
815,16.2947232879,15.5370247695,-9.9136749746,-9.2382703172,-20
816,16.2713008657,15.6048096688,-10.3027235204,-9.4412411996,-21
817,16.2266772394,15.709731514,-10.7238498678,-9.5750117712,-19
818,16.1546410666,15.8141573558,-11.0782771046,-9.6142592051,-20
819,16.0783121468,15.8826781391,-11.2764659961,-9.5584750827,-21
820,16.036065394,15.9016741391,-11.2653459786,-9.4319579346,-19
821,16.0554656463,15.88717686,-11.0431643609,-9.277581942,-21
822,16.1311308181,15.8770968491,-10.6605186112,-9.1448071752,-19
823,16.2217601939,15.9138027748,-10.206102535,-9.0719217907,-21
824,16.2691390855,16.0242790621,-9.7816705352,-9.0676876919,-21
825,16.2275044969,16.2105303258,-9.4725656579,-9.1026480219,-20
826,16.085643497,16.450470678,-9.3231819118,-9.116633043,-20
827,15.8719120495,16.7086666715,-9.326863464,-9.0427244458,-21
828,15.6409971309,16.9490332768,-9.4327473596,-8.8332918317,-21
829,15.4519586462,17.1455892006,-9.5660855317,-8.4763470596,-20
830,15.3457783331,17.2858878135,-9.6545778277,-7.9957582793,-20
831,15.3311850371,17.3702181937,-9.6539755398,-7.4400873456,-18
832,15.3837708159,17.4058302124,-9.5619320259,-6.8687859091,-21
833,15.458592534,17.4010585695,-9.4175634791,-6.3391832916,-21
834,15.5115092717,17.36216421,-9.2832870581,-5.8971390849,-20
835,15.5207023203,17.2946362857,-9.2193656671,-5.5693280929,-19
836,15.4986359847,17.2082032678,-9.262411376,-5.3605034691,-21
837,15.4891551776,17.1202009428,-9.4185160795,-5.2561386326,-20
838,15.5477114071,17.0543482542,-9.6702500807,-5.2325163186,-20
839,15.7145194476,17.0333063961,-9.989067226,-5.2683376887,-20
840,15.9916685747,17.0691857285,-10.3411946707,-5.3541174574,-21
841,16.3398996568,17.1560363234,-10.6892297299,-5.4940594033,-20
842,16.6939168499,17.2699400587,-10.9913503649,-5.7007873859,-21
843,16.9873309017,17.3761444698,-11.2036990662,-5.9834662723,-20
844,17.1718389407,17.4429774757,-11.2877232459,-6.3344547677,-20
845,17.222476223,17.455581379,-11.2201795651,-6.7203825979,-21
846,17.1328035237,17.4220017833,-11.0039361187,-7.0836462506,-20
847,16.9117493734,17.3670497115,-10.6741164807,-7.3546880303,-21
848,16.585856153,17.3158964309,-10.294762824,-7.4720956609,-21
849,16.2030904905,17.278240787,-9.9448094671,-7.4034469463,-20
850,15.8298047051,17.2430321862,-9.6971187956,-7.1555077052,-21
851,15.5363334338,17.1877174489,-9.5994012118,-6.7722457707,-20
852,15.3737969702,17.0946450702,-9.6580381896,-6.3217214853,-18
853,15.3534069238,16.964206346,-9.8337711872,-5.878832189,-21
854,15.4397722535,16.8158274038,-10.0482942518,-5.5117944377,-21
855,15.5652627639,16.6800383084,-10.203641908,-5.2744845375,-20
856,15.6597311356,16.5841741279,-10.2121510426,-5.2003346811,-21
857,15.6815484217,16.5401358824,-10.0269635187,-5.2931235292,-20
858,15.6340065492,16.5373571247,-9.6584893547,-5.5180685156,-21
859,15.558451024,16.546049641,-9.1657962386,-5.8027668709,-21
860,15.5093431304,16.5318078685,-8.6274749049,-6.0596830063,-19
861,15.5263345832,16.4763538896,-8.1098828236,-6.217841596,-21
862,15.6177787668,16.3916555118,-7.64908713,-6.2503392532,-20
863,15.7625097704,16.3155829841,-7.2514230961,-6.1777545817,-21
864,15.9242421639,16.2899797178,-6.9082765358,-6.0500352158,-21
865,16.0689373636,16.3347772313,-6.6116181333,-5.9184831531,-21
866,16.1761672361,16.4375502987,-6.3615321431,-5.8157163321,-21
867,16.2433390238,16.5641117838,-6.1647818404,-5.7473768461,-20
868,16.2828119284,16.681087055,-6.0261766782,-5.6944297344,-20
869,16.3137495816,16.7740614874,-5.9405473385,-5.6182097896,-21
870,16.3529589636,16.8496100633,-5.8886426311,-5.4683069546,-21
871,16.4073247717,16.9236098539,-5.8361945183,-5.1976389488,-21
872,16.4719329535,17.0051077954,-5.7368895827,-4.7837102528,-21
873,16.5339438324,17.0871153835,-5.5427676371,-4.2500908118,-17
874,16.5788647464,17.1494338545,-5.221464604,-3.6793200117,-21
875,16.5966909996,17.1706539862,-4.7795730603,-3.198480275,-21
876,16.5843617221,17.1432192616,-4.2761809658,-2.9388029358,-21
877,16.545954954,17.0782355083,-3.8158541106,-2.9800315029,-20
878,16.4924543483,16.9975684201,-3.5099846255,-3.310815826,-21
879,16.4412394713,16.9169057961,-3.4279392148,-3.8270084995,-21
880,16.4147938826,16.8319852318,-3.5652720696,-4.3712250319,-20
881,16.4348361738,16.720049847,-3.8498883881,-4.7944077187,-21
882,16.513522697,16.5584659943,-4.1816129576,-5.0089794562,-19
883,16.6451825678,16.3486815712,-4.4794065967,-5.0107141681,-21
884,16.8066135555,16.1300832544,-4.7107778251,-4.8627490324,-20
885,16.966011629,15.9695894339,-4.8892651566,-4.6556683124,-21
886,17.0954775489,15.930018773,-5.0494446031,-4.4691268465,-21
887,17.1803901656,16.0333790754,-5.2174516378,-4.3445667025,-20
888,17.219592093,16.2430409214,-5.3932938337,-4.2780484554,-18
889,17.2212774384,16.479231162,-5.5522578314,-4.2247474804,-21
890,17.1982233065,16.6587034139,-5.6602889351,-4.1166354908,-19
891,17.1657072145,16.7352384547,-5.6918949018,-3.892522464,-21
892,17.138799976,16.7158887279,-5.6411902577,-3.5310842474,-20
893,17.1270767438,16.6481216382,-5.5230938706,-3.0691568518,-20
894,17.127972238,16.5909040536,-5.3656324258,-2.5852764423,-21
895,17.1247197384,16.591435331,-5.2021982919,-2.1587814693,-21
896,17.0921379422,16.674229961,-5.0623682768,-1.830378255,-18
897,17.0074834403,16.8426743353,-4.9637187685,-1.5956800426,-21
898,16.8612273851,17.0810970544,-4.9018668441,-1.4298286052,-21
899,16.6605041628,17.3567453897,-4.8444059399,-1.3146415226,-21
900,16.4257338563,17.6255909764,-4.7337603297,-1.2444003266,-21
901,16.1834874108,17.8414621095,-4.5050642238,-1.2045549444,-21
902,15.9610369331,17.9706742507,-4.1116781874,-1.1550881957,-21
903,15.7848758151,18.00044364,-3.5495778052,-1.0366182069,-19
904,15.6811709684,17.9417392972,-2.8650564391,-0.8017624883,-19
905,15.6729185662,17.8226464621,-2.1395648149,-0.4480128358,-20
906,15.7719044057,17.6770083191,-1.4576537103,-0.0254635686,-20
907,15.9689438846,17.5315089064,-0.8719936547,0.3842692626,-20
908,16.2295398068,17.3991202453,-0.386489558,0.7065601584,-20
909,16.5021219395,17.2809680598,0.0328762919,0.90382905,-21
910,16.7355173719,17.1775526467,0.4243642221,0.9840864274,-20
911,16.8974200873,17.0993034652,0.7953065432,0.9881278238,-20
912,16.9829781419,17.0682095076,1.1076944116,0.9617558227,-19
913,17.0110293876,17.1074436844,1.2934498391,0.9344700993,-20
914,17.0103047041,17.2253503918,1.291901053,0.9149123571,-19
915,17.0072565929,17.4078759322,1.0844323011,0.9044592029,-21
916,17.0191711092,17.6228831307,0.7085060549,0.9164422191,-21
917,17.0543807887,17.8345648862,0.2450360908,0.9808790251,-21
918,17.1129819746,18.0171408671,-0.2126248588,1.1292024132,-21
919,17.1864819991,18.15884509,-0.5902629233,1.3656218951,-21
920,17.2574746159,18.2571580601,-0.8503872101,1.6516610464,-20
921,17.3058340117,18.3106493063,-0.9940072649,1.9150225588,-21
922,17.3195077966,18.3126934298,-1.0458031474,2.0825403142,-19
923,17.30462164,18.2524849631,-1.0337654442,2.1129964148,-20
924,17.2856744256,18.1215844319,-0.9728617017,2.0103894093,-21
925,17.2926843161,17.9225788335,-0.8591623476,1.8096041234,-20
926,17.3417233372,17.6759020675,-0.6782673031,1.5494097788,-20
927,17.4217892585,17.4173758234,-0.4231280805,1.2536396799,-20
928,17.4966489395,17.1879033685,-0.1057381306,0.9323860815,-20
929,17.5228252941,17.017470722,0.2453132625,0.6020781018,-20
930,17.4728385429,16.9143483138,0.598312582,0.3065924944,-20
931,17.351735891,16.8635064319,0.9313568345,0.1218034414,-21
932,17.1974422702,16.8368350925,1.2343881305,0.1329064839,-21
933,17.0661335429,16.8083261035,1.5006088804,0.3931434262,-20
934,17.0068354032,16.7655901108,1.7193407643,0.8906531439,-21
935,17.0387795332,16.7114149549,1.878234496,1.5434676846,-20
936,17.1410678704,16.6570351338,1.9742471717,2.2289202289,-21
937,17.2603670787,16.6141013499,2.0227623294,2.8358864042,-21
938,17.3354777783,16.5929911022,2.0564256141,3.3069457267,-21
939,17.3243090893,16.6072328868,2.1127546744,3.653053647,-17
940,17.2196913286,16.6766703832,2.2204963027,3.9347580677,-20
941,17.046064504,16.8219739672,2.3908471353,4.2214368593,-21
942,16.8421417554,17.0509028808,2.6157266571,4.5516349242,-21
943,16.6441116315,17.3439930629,2.8702379459,4.9107588452,-21
944,16.4798407747,17.6537147082,3.1193376032,5.234086592,-21
945,16.3728786571,17.9170706224,3.3263413848,5.4339828361,-19
946,16.3446945717,18.077689509,3.4651047289,5.4411093316,-21
947,16.4074136622,18.1051111594,3.5318208786,5.2387690038,-21
948,16.5497463121,18.005244433,3.5512292325,4.8757186009,-21
949,16.7298095287,17.8183500457,3.5716770474,4.4443078965,-19
950,16.8866002081,17.6058731323,3.6441561045,4.040455842,-21
951,16.967277409,17.4293526193,3.7962713629,3.7287132768,-21
952,16.9552237061,17.3284694959,4.014274715,3.5340138958,-21
953,16.8785842966,17.3079897208,4.2455517615,3.4583676153,-21
954,16.7936711345,17.3402493819,4.4237790486,3.5008039763,-21
955,16.7534484493,17.3818025212,4.5009990092,3.6602568684,-21
956,16.7775695204,17.3972442069,4.4674122595,3.9172362075,-20
957,16.8430776201,17.3770715179,4.3478927753,4.2187904797,-21
958,16.8952335949,17.3410957724,4.1821978991,4.4866580383,-19
959,16.8726377671,17.3268638214,4.0018955427,4.6506874431,-20
960,16.7322443144,17.3684483542,3.8201586182,4.6885512441,-21
961,16.4654996959,17.4770621107,3.6356492991,4.6425495433,-21
962,16.1018144358,17.632242197,3.4443167984,4.5998912108,-21
963,15.6990311863,17.7884106194,3.2510837368,4.6496347684,-20
964,15.3276454509,17.8928913811,3.0743281552,4.8377344435,-20
965,15.0528033095,17.9064040931,2.9420711144,5.1441501274,-20
966,14.9187315888,17.8151517698,2.8823842492,5.4915667237,-21
967,14.939463485,17.6313337071,2.9129514664,5.779472724,-20
968,15.09505914,17.3843910661,3.0329299335,5.925074571,-21
969,15.3357295761,17.1091256035,3.2190568179,5.8911793211,-19
970,15.5920252867,16.8385986747,3.4295988728,5.6921121892,-21
971,15.7927086588,16.6004048148,3.6149393149,5.3825330758,-21
972,15.8863440197,16.4174016254,3.7294929416,5.0399146425,-21
973,15.859788479,16.3070973782,3.7427895759,4.7483896779,-20
974,15.7454772189,16.2792868487,3.6423643308,4.5821344373,-20
975,15.6092369642,16.3315093706,3.4278392691,4.587526833,-20
976,15.5236793298,16.4469656841,3.1005204487,4.7666569426,-21
977,15.5381642322,16.5978453678,2.6608666128,5.073856978,-21
978,15.6640833175,16.7534759928,2.1194825356,5.4313373563,-21
979,15.8779770553,16.8900021687,1.5175671331,5.7562127592,-18
980,16.1366413476,16.9955611065,0.9405354886,5.9843668349,-21
981,16.3924960416,17.0697578305,0.5056737495,6.0824991552,-21
982,16.599902686,17.120035257,0.3238453785,6.0499781492,-20
983,16.7200740349,17.159786946,0.454701838,5.9177214741,-21
984,16.7289377352,17.2067171041,0.8861622804,5.7457035643,-20
985,16.6279916978,17.2783761015,1.5482193868,5.6126410296,-21
986,16.4504724622,17.3813167428,2.3476239812,5.5952121511,-20
987,16.2529642714,17.5014086932,3.1978907181,5.7452683711,-21
988,16.0919487397,17.6041577104,4.0297542406,6.074145079,-20
989,15.9961148198,17.6499327821,4.7897196826,6.5550951639,-21
990,15.9503362984,17.6150064184,5.4414207911,7.137395421,-21
991,15.9034057678,17.5058260871,5.9737552235,7.763208687,-20
992,15.7950232407,17.3566431474,6.4079334902,8.3780658097,-20
993,15.589830847,17.2147322484,6.7941661884,8.9379008272,-20
994,15.2988714831,17.1207076246,7.1936556948,9.4105410652,-21
995,14.9798304669,17.0949948079,7.6573814451,9.7763725688,-21
996,14.7143698529,17.1345273242,8.2101091045,10.029784106,-21
997,14.5765564687,17.2165104876,8.8461570438,10.1805019942,-21
998,14.6047123678,17.3086073558,9.5315905366,10.2534698215,-20
999,14.7888213495,17.3811926135,10.2130532352,10.2841216753,-21
1000,15.0773064278,17.419118798,10.8272044378,10.3054681429,-20
1001,15.3984800899,17.4275494252,11.3137408294,10.3343940491,-21
1002,15.6867071801,17.4293890622,11.6263753093,10.3645032801,-21
1003,15.9012564484,17.4541509261,11.7416239161,10.3697186234,-20
1004,16.0313531768,17.5233685473,11.6593190133,10.3191805637,-21
1005,16.0882208489,17.6391401076,11.3943970241,10.1962207497,-19
1006,16.0932645902,17.7811708822,10.96733888,10.0091531537,-21
1007,16.0692238603,17.9148622086,10.4064229342,9.7916748224,-19
1008,16.0376121395,18.005342866,9.7640081225,9.5922433527,-18
1009,16.0187549879,18.0298553398,9.1323926054,9.4555325744,-21
1010,16.0317656998,17.9827476608,8.6401092496,9.4041346307,-21
1011,16.0903145611,17.8729197901,8.416562391,9.428908429,-21
1012,16.1993463212,17.7171411548,8.5392724196,9.4928934745,-20
1013,16.3533473003,17.5338387113,8.9978358348,9.5518135098,-18
1014,16.5375083199,17.3389021874,9.6967015338,9.5787145667,-21
1015,16.730116121,17.1437900033,10.4963021047,9.5795985322,-20
1016,16.9051479868,16.9566304142,11.2655250687,9.5894466428,-19
1017,17.0371199551,16.7874225569,11.9162306981,9.6465336105,-21
1018,17.1100630061,16.6535795268,12.4070219324,9.7630034853,-21
1019,17.1264016837,16.5815862854,12.7241529742,9.910450047,-20
1020,17.1098706132,16.5974816123,12.860212278,10.0313471934,-20
1021,17.0986951999,16.7111431087,12.8071941169,10.0701461701,-21
1022,17.1301501468,16.9034835209,12.5672616283,10.0052623892,-19
1023,17.2266298935,17.1288214932,12.1694260613,9.8632082704,-19
1024,17.3886879364,17.3330794249,11.678080301,9.7098060406,-21
1025,17.5967623041,17.4771219868,11.1862500637,9.622797157,-19
1026,17.8183372079,17.5498512969,10.7933542357,9.6608954322,-21
1027,18.0154060406,17.5660572405,10.5804128643,9.8390813517,-21
1028,18.1502770433,17.5533968504,10.5894807606,10.1211423128,-20
1029,18.1922184257,17.5378308643,10.815335274,10.4335443725,-21
1030,18.1256484679,17.536206006,11.2100681102,10.6935169434,-20
1031,17.9570524311,17.5550098499,11.6976830826,10.8433107447,-21
1032,17.7165111147,17.5918522242,12.1942337525,10.8667747966,-20
1033,17.45021542,17.6379760574,12.628243978,10.7900947046,-21
1034,17.2061612867,17.6824758017,12.9544784077,10.6643775548,-20
1035,17.0195145404,17.7176452274,13.156256795,10.5438449525,-20
1036,16.9048102786,17.7437979042,13.2406807766,10.4687445583,-21
1037,16.8567372914,17.7700941924,13.2316810656,10.4572904274,-20
1038,16.8576026316,17.8104011418,13.1635413239,10.5053360777,-21
1039,16.8865019951,17.8771211088,13.0777009389,10.5926906643,-19
1040,16.9258771653,17.9754704294,13.0164642069,10.6938952417,-19
1041,16.9642347954,18.1010690522,13.0152499469,10.7886235502,-18
1042,16.9953991715,18.2410650389,13.0944395868,10.8685243208,-21
1043,17.0153221214,18.3781770621,13.2555363659,10.934954944,-21
1044,17.0197774086,18.4933828642,13.4861076769,10.9938954349,-20
1045,17.0033248056,18.5678789733,13.7673497996,11.0529979655,-21
1046,16.9606304173,18.5838931527,14.0821169676,11.1227837781,-20
1047,16.8886244506,18.5276392774,14.4138960382,11.2191153699,-19
1048,16.7865926854,18.3950155295,14.7411474896,11.3574345733,-20
1049,16.6548213796,18.1974881952,15.031357891,11.5411989525,-21
1050,16.4934841603,17.9633507067,15.2435454747,11.7495710051,-21
1051,16.3054432485,17.7322391232,15.339774777,11.9389310557,-20
1052,16.1032601244,17.5438889195,15.3033261054,12.0592120394,-21
1053,15.9143103506,17.4260470149,15.1501366359,12.0772774138,-20
1054,15.778202646,17.3875103111,14.9299197593,11.9926011926,-19
1055,15.7335586724,17.4173651809,14.7108788093,11.8383197153,-20
1056,15.8001928543,17.4908627779,14.5544104218,11.6666893795,-21
1057,15.9667202639,17.5801008525,14.4886248501,11.5277856708,-20
1058,16.1907316704,17.6626490515,14.4947000206,11.4477204105,-21
1059,16.4124603396,17.7245854647,14.5161432415,11.4189271861,-20
1060,16.5738473858,17.7582046301,14.4906001292,11.4041633103,-21
1061,16.6362710118,17.7593632233,14.3866862871,11.3522954144,-21
1062,16.5916298548,17.7277540055,14.223111324,11.2178579863,-21
1063,16.4659878601,17.6700983109,14.0580562688,10.977818348,-20
1064,16.3118323836,17.6011460535,13.9562592503,10.6397036274,-20
1065,16.1883984448,17.5397460112,13.958524158,10.2423444519,-21
1066,16.1332836089,17.5025125062,14.0676031838,9.8455565685,-21
1067,16.1422042742,17.5000177218,14.2537169399,9.5099648385,-19
1068,16.1724904994,17.5371643077,14.4681058625,9.2717189687,-21
1069,16.1712150267,17.6149451288,14.6544340554,9.1239398887,-20
1070,16.1114589277,17.7303891822,14.7609943632,9.0192532291,-20
1071,16.0096512479,17.8742983397,14.7507924023,8.8954095195,-21
1072,15.9131851199,18.0290157036,14.6132097084,8.7119019071,-21
1073,15.868395247,18.1694779,14.3661729974,8.4744307387,-21
1074,15.893907296,18.2687910604,14.0465975278,8.2344965886,-21
1075,15.9755253967,18.3054001467,13.691346399,8.065393449,-19
1076,16.0809600768,18.2695300284,13.3210016494,8.0298089445,-20
1077,16.1795127132,18.1652755575,12.9380305526,8.161102395,-21
1078,16.2527142719,18.008732128,12.5450381847,8.4610872861,-20
1079,16.2930229914,17.8225063764,12.1691176531,8.9110868605,-21
1080,16.2994507337,17.6304866813,11.8763658753,9.4773767705,-21
1081,16.2760095726,17.4547332072,11.7602296313,10.1117060253,-19
1082,16.2329968901,17.3129612218,11.9054031484,10.7476293778,-21
1083,16.1873341157,17.2170103754,12.3447153563,11.3038081532,-21
1084,16.1574171316,17.169241945,13.0325898079,11.6975957307,-21
1085,16.1559176497,17.1605836135,13.8531116714,11.8665555011,-21
1086,16.1850013894,17.1733481716,14.6575146984,11.790901114,-21
1087,16.238072504,17.1907951733,15.3147447694,11.5086675348,-20
1088,16.3059046845,17.2071130301,15.7486062637,11.1153679788,-21
1089,16.3820749371,17.2308672115,15.9501849208,10.7457134926,-21
1090,16.4644772873,17.2779215733,15.9643379631,10.5366906534,-20
1091,16.5532959749,17.3576008747,15.861319907,10.5844780438,-18
1092,16.6465998084,17.4618023585,15.7079074157,10.911024062,-21
1093,16.7362383371,17.5656641167,15.5498737346,11.4585572269,-18
1094,16.8058914544,17.6391041964,15.4090733656,12.1178449426,-21
1095,16.8311072111,17.6611248401,15.2903047855,12.7734418876,-21
1096,16.7839285636,17.6283528558,15.1912677987,13.3408916492,-19
1097,16.641641486,17.5534022229,15.1058732544,13.7779080547,-19
1098,16.3984220476,17.456265458,15.0226453464,14.0758541269,-19
1099,16.0758782659,17.355078403,14.9224013857,14.2433210447,-21
1100,15.726192212,17.2621709511,14.7830151645,14.30226734,-20
1101,15.422675626,17.1827479843,14.5933595471,14.2891113359,-21
1102,15.238171097,17.1156626397,14.3687331804,14.2536066525,-21
1103,15.2199457187,17.0525025158,14.1556747244,14.2462307286,-21
1104,15.3722679636,16.9790935658,14.0211498029,14.296985647,-21
1105,15.654584177,16.8807689895,14.028504162,14.4010368167,-21
1106,15.9941799959,16.7520787055,14.210176192,14.5121124098,-20
1107,16.3069055557,16.6039025706,14.5506054375,14.5574111182,-20
1108,16.5192068046,16.4615044856,14.9883574942,14.4654774268,-21
1109,16.5866396073,16.3537375853,15.436252272,14.2024838818,-20
1110,16.5047695278,16.3003775823,15.8101012425,13.797007428,-20
1111,16.3079749495,16.3075516065,16.0537471629,13.3381825193,-21
1112,16.0555639105,16.3709947703,16.1484936071,12.9419273536,-21
1113,15.8114261151,16.4817965452,16.1096850074,12.7028437201,-20
1114,15.6267306865,16.626602654,15.9728079898,12.6593775594,-20
1115,15.5312409739,16.7838008207,15.7779618671,12.791335241,-21
1116,15.5339877437,16.9240488707,15.5584012978,13.0447048965,-21
1117,15.6271622739,17.0204413926,15.3338016208,13.3604833419,-21
1118,15.7895216714,17.0629379737,15.112605336,13.6906626619,-21
1119,15.9886445272,17.0664713127,14.8998775207,13.9989096108,-21
1120,16.1854494383,17.0643479624,14.7054584078,14.2578087687,-20
1121,16.3439967275,17.0894198983,14.5464107048,14.4506578797,-21
1122,16.4437280095,17.155327277,14.4399194924,14.5744208677,-21
1123,16.4893984433,17.2493573782,14.3926266156,14.6404490854,-21
1124,16.5104407769,17.3412057406,14.3941084703,14.6703942493,-20
1125,16.5480272756,17.4012244524,14.4208984013,14.6904576533,-21
1126,16.6346356628,17.4153310398,14.4477442957,14.7275480168,-21
1127,16.7783084291,17.3884126054,14.4574956895,14.8038522098,-20
1128,16.959325611,17.3368228076,14.44460036,14.9295933345,-21
1129,17.1416604054,17.277018838,14.4117548566,15.0949395703,-21
1130,17.2900022919,17.2200035098,14.3677178484,15.2688035128,-20
1131,17.3839478615,17.1725134509,14.3274877109,15.4095066429,-20
1132,17.4217092914,17.1427178608,14.312416392,15.4817973244,-21
1133,17.4135602333,17.1427604997,14.3444595428,15.4725890178,-21
1134,17.3706779072,17.1850817052,14.4340257668,15.3946597975,-18
1135,17.2957633745,17.274795197,14.5691525741,15.2788943352,-19
1136,17.1823048389,17.4031294446,14.7137112545,15.1589747934,-21
1137,17.0230524015,17.547672438,14.8200160205,15.0609718382,-20
1138,16.8206828945,17.6791317725,14.8472772458,15.0005475349,-21
1139,16.5946097824,17.7720857833,14.7780521583,14.9840460675,-21
1140,16.3770453858,17.8144011436,14.6237536986,15.0105672794,-21
1141,16.1998080345,17.8111126361,14.41947373,15.0717994135,-21
1142,16.0785377992,17.782679945,14.2121742212,15.1526719855,-19
1143,16.0052089896,17.7580826467,14.0470190365,15.2354945528,-20
1144,15.9539275636,17.7652827175,13.9558935812,15.3079069563,-20
1145,15.8985578785,17.8199332448,13.950391599,15.3692082156,-21
1146,15.8292232365,17.9177523747,14.0199346798,15.4300490418,-20
1147,15.7588099455,18.033574249,14.1357489709,15.5029472908,-20
1148,15.7143051632,18.1294647876,14.2631065925,15.5911261396,-21
1149,15.723085528,18.1696199153,14.3780611533,15.68381377,-21
1150,15.802205491,18.1352904756,14.478181619,15.7605223027,-21
1151,15.9558640346,18.0329949456,14.5808362016,15.7998404906,-21
1152,16.1766213745,17.8917804922,14.7075411906,15.7863082772,-19
1153,16.4451985643,17.7509907505,14.8644471844,15.7135931872,-21
1154,16.7286311457,17.6445765375,15.0331443853,15.5867185228,-20
1155,16.9827673364,17.5883704207,15.1790281955,15.4249769798,-19
1156,17.1617746806,17.5763988059,15.2725024793,15.2636819613,-21
1157,17.233081382,17.5870731898,15.3074977244,15.147331347,-21
1158,17.1884630195,17.5958059927,15.3074279293,15.1145236714,-21
1159,17.0446037022,17.5884330387,15.314739833,15.1812175357,-21
1160,16.8321976155,17.5673163256,15.369839998,15.3330248567,-20
1161,16.580381298,17.5487693368,15.4928581374,15.533877773,-21
1162,16.3044348611,17.5528101956,15.6752952897,15.7444292397,-21
1163,16.0057890035,17.592979943,15.8883539297,15.9386975618,-21
1164,15.6815356578,17.6691292551,16.1017548122,16.1107773468,-18
1165,15.339124157,17.7666991143,16.3011204505,16.2665932198,-21
1166,15.0060686688,17.8610824297,16.4922488483,16.4109413503,-19
1167,14.7302177127,17.9266701329,16.6906136349,16.5369265664,-20
1168,14.5655014342,17.9463929927,16.9035743112,16.6251704,-21
1169,14.5509414082,17.9181273372,17.1177763942,16.6510910899,-21
1170,14.6915459448,17.8549266496,17.2988685554,16.5971900725,-20
1171,14.9538252447,17.7767357156,17.4035236847,16.464689718,-19
1172,15.2776192789,17.7003473449,17.397379206,16.2805252894,-21
1173,15.5975301238,17.6332105511,17.2699826082,16.0937852585,-21
1174,15.8628109772,17.5748138298,17.0421387175,15.9617139486,-21
1175,16.0497810899,17.5244246339,16.761815823,15.9296844933,-20
1176,16.1643667382,17.4895810062,16.4892082694,16.0128198977,-20
1177,16.2353058956,17.4873184589,16.2762783628,16.1878301795,-20
1178,16.2982946681,17.5374801543,16.1499129222,16.3961953167,-20
1179,16.377236163,17.650520658,16.1044483263,16.559678299,-21
1180,16.4705756679,17.8181944696,16.108941314,16.6027206051,-19
1181,16.5533989034,18.0140510655,16.1258716855,16.4790999966,-21
1182,16.59276619,18.2030133223,16.132289176,16.1948226009,-20
1183,16.5674263931,18.356207535,16.1299027067,15.8144783868,-21
1184,16.476773846,18.459520926,16.139377078,15.4423473026,-21
1185,16.3360777733,18.5136271166,16.1824818152,15.1820554445,-21
1186,16.1641860495,18.5254684758,16.2652704973,15.0920100484,-21
1187,15.9773344741,18.5002358279,16.3737012848,15.1619018786,-19
1188,15.7917070658,18.4382121933,16.4801819983,15.3242138022,-21
1189,15.6312425038,18.3393897607,16.5559090768,15.4923366468,-18
1190,15.5285635236,18.2083041194,16.580166016,15.6043029109,-21
1191,15.515022326,18.0557871052,16.5450330676,15.6465558933,-21
1192,15.603619491,17.8946138464,16.4561796261,15.6496471927,-20
1193,15.7786416445,17.7354025964,16.3314094759,15.6632747297,-20
1194,15.9994340413,17.5838249012,16.1971063065,15.7285071207,-21
1195,16.2180283958,17.4424732852,16.0819539824,15.8591398702,-21
1196,16.4004997875,17.3142899002,16.0100480304,16.0405854845,-21
1197,16.5379012101,17.2026290851,15.9971629735,16.2410977915,-20
1198,16.6422776958,17.1076405692,16.0494634961,16.4283593284,-20
1199,16.731142122,17.0227546052,16.1649391635,16.5813955681,-21
1200,16.8134687818,16.9357743073,16.3339484249,16.694093134,-20
1201,16.8867300168,16.8363355232,16.5397375025,16.7712695677,-20
1202,16.946187661,16.7242909917,16.7600010796,16.8212341235,-20
1203,16.9951919059,16.6128362684,16.9678264525,16.8498846572,-21
1204,17.0453069712,16.5234633872,17.1344779992,16.8564290766,-21
1205,17.1053713584,16.4750618447,17.2325865098,16.8329828011,-19
1206,17.1671727117,16.4738071222,17.2431757028,16.7676709778,-21
1207,17.2030254951,16.5110327932,17.1623529897,16.6530663824,-20
1208,17.1778481939,16.5675610929,17.0039695347,16.4958357992,-19
1209,17.0702924155,16.6241289396,16.7949650473,16.3207764681,-21
1210,16.8862869426,16.6717542581,16.5662826665,16.1633041146,-21
1211,16.6598773185,16.7164992635,16.3450444961,16.0533443958,-20
1212,16.4401857077,16.7741792119,16.151864675,16.0010900436,-21
1213,16.272335747,16.8581266804,16.0017737091,15.9956536611,-21
1214,16.1813740094,16.9674681058,15.9028490187,16.0162500968,-20
1215,16.1660015117,17.0860630034,15.8525355788,16.0474178557,-21
1216,16.2031606548,17.1926379477,15.8337624461,16.0871768273,-21
1217,16.2594774889,17.2758194604,15.8189291281,16.1432937864,-20
1218,16.3037146153,17.3414682683,15.7801088178,16.2216359329,-20
1219,16.3144519316,17.4090267218,15.7016331846,16.3164105711,-21
1220,16.2833403199,17.4980371577,15.5866769422,16.4103192591,-20
1221,16.2169324874,17.6139520025,15.4560804602,16.4816442294,-21
1222,16.1376517596,17.7412317253,15.3397125401,16.5141545171,-19
1223,16.0811764901,17.8475263044,15.2666333396,16.5028139155,-20
1224,16.0870732652,17.8970782224,15.2557863121,16.4526157901,-20
1225,16.182096873,17.8681986009,15.3112600839,16.3742744121,-20
1226,16.3650052851,17.7653144469,15.4218264176,16.2791227295,-21
1227,16.6011476792,17.6191176392,15.5650374159,16.1771202526,-20
1228,16.8344493637,17.4732659465,15.7158653655,16.0766308404,-21
1229,17.0098625917,17.364894851,15.8552191183,15.9837830444,-21
1230,17.0947265078,17.3103419937,15.9756230386,15.8984116472,-21
1231,17.0873926454,17.3034997869,16.0788426405,15.8095160881,-19
1232,17.0093486999,17.3249122417,16.1692706467,15.6968950103,-19
1233,16.8904568963,17.3558383978,16.2465775528,15.5427857145,-21
1234,16.7583883911,17.3875891549,16.3023305782,15.3489375274,-20
1235,16.6369544345,17.4214329273,16.322025364,15.1473134774,-19
1236,16.5476132608,17.4633133618,16.2905742135,14.9934667114,-21
1237,16.5078412686,17.5159163667,16.1984448153,14.9437701917,-21
1238,16.5246172377,17.5751676284,16.0475933388,15.028190738,-21
1239,16.5883715411,17.6306409978,15.8546518332,15.23393183,-20
1240,16.6748914411,17.6698882,15.650949672,15.5083727709,-21
1241,16.7543625296,17.6839884549,15.4766333764,15.7787243925,-20
1242,16.8019589071,17.6707016188,15.3685314833,15.9798432853,-21
1243,16.8020929988,17.636245334,15.3476365142,16.0780783982,-21
1244,16.7460178558,17.5948921585,15.4108749719,16.0796381095,-21
1245,16.6271860724,17.5673528249,15.532586615,16.0188696232,-20
1246,16.4415891333,17.5767141939,15.6761958859,15.93510127,-21
1247,16.1951012651,17.6411712212,15.8106451837,15.8527787934,-20
1248,15.9115760013,17.764740606,15.9228431148,15.7777270342,-21
1249,15.6320665521,17.9315199085,16.0196376181,15.7094278243,-21
1250,15.4031644585,18.1069757469,16.1181651609,15.6556726179,-21
1251,15.2603460352,18.2463497888,16.2315824494,15.6372498161,-21
1252,15.2185598886,18.3069922476,16.3602667264,15.6789503792,-21
1253,15.2739369544,18.2607684716,16.4926370986,15.7946484555,-21
1254,15.4132295081,18.1023479897,16.6141319051,15.9768204125,-21
1255,15.6215984157,17.8528599153,16.7165038311,16.1978813121,-19
1256,15.8813923199,17.55658064,16.8015755398,16.4204318585,-21
1257,16.1663753359,17.271902385,16.8776934474,16.6102458853,-19
1258,16.4394993539,17.056723,16.9527142785,16.7469744099,-21
1259,16.6619227032,16.9535034673,17.0278778067,16.8280090015,-20
1260,16.811496957,16.9790117588,17.0961783554,16.8680202832,-21
1261,16.8981301827,17.120348838,17.1468924566,16.8914008382,-21
1262,16.9641066068,17.3400501637,17.1731651709,16.9205194366,-20
1263,17.0657014957,17.5858238216,17.1772315276,16.9624676386,-21
1264,17.2430489495,17.8041598513,17.1671821542,17.0034265363,-20
1265,17.4949684211,17.9527607425,17.1482152357,17.0143256811,-21
1266,17.7743618011,18.0098313985,17.11472567,16.9681973612,-21
1267,18.0068291778,17.978659133,17.0511974808,16.8574360119,-21
1268,18.12320909,17.8843421087,16.942918045,16.7010714458,-21
1269,18.0887664395,17.764429216,16.791419163,16.5355596135,-21
1270,17.9146148955,17.6551511038,16.6247905533,16.3972474613,-21
1271,17.6483712561,17.578594662,16.4946835964,16.3041746233,-21
1272,17.3517412591,17.5368923794,16.4587947875,16.2500647001,-20
1273,17.0767386669,17.517490946,16.5546603218,16.2100761676,-20
1274,16.8524516733,17.5061336128,16.7768091748,16.1558162462,-21
1275,16.6833786768,17.5003092581,17.0716134553,16.0692288657,-21
1276,16.5576011799,17.5149675114,17.3553889478,15.9516974507,-20
1277,16.4583731602,17.5756696115,17.5491247694,15.8227899163,-19
1278,16.3751160337,17.7027204702,17.6122645084,15.7116131762,-20
1279,16.3094218399,17.8957759297,17.5561177897,15.6432216265,-21
1280,16.2722171669,18.1282121765,17.4320090284,15.6261702471,-21
1281,16.2737980736,18.3557489487,17.3033040025,15.6489643332,-21
1282,16.3119766587,18.5349622273,17.2171942692,15.6875401239,-19
1283,16.3685625706,18.6406702539,17.1906039835,15.7184731649,-21
1284,16.4187289155,18.6711558532,17.2113475119,15.729851209,-20
1285,16.4486521536,18.63986811,17.2484971917,15.7217509352,-21
1286,16.466829234,18.5606065321,17.2639077904,15.6992128669,-21
1287,16.4983538422,18.4368993809,17.2224746466,15.664405371,-21
1288,16.5648054778,18.2646485662,17.1020893063,15.6177525927,-21
1289,16.6656993441,18.0451562274,16.9044580809,15.5645235053,-20
1290,16.7758908835,17.7987079249,16.6602212917,15.5215262227,-21
1291,16.8593741054,17.5673700809,16.425053829,15.5146353514,-21
1292,16.8876873687,17.402974097,16.2607595682,15.567261114,-21
1293,16.8492824621,17.3460803676,16.2119895685,15.6864728202,-20
1294,16.7479861195,17.407792291,16.2880574295,15.8555249526,-21
1295,16.5975156906,17.5649003213,16.4605954738,16.0374959848,-21
1296,16.4197204875,17.7714516823,16.6766229881,16.1919565782,-21
1297,16.2463783064,17.9787701212,16.8774811604,16.2926679853,-20
1298,16.1167982721,18.152631961,17.0159498776,16.3385832927,-21
1299,16.0692294789,18.2790423349,17.066337513,16.3487155317,-20
1300,16.1272576831,18.359969077,17.026944526,16.3468302973,-20
1301,16.2896032554,18.4050360714,16.9164255666,16.3448940031,-21
1302,16.5282442906,18.4251504324,16.7634173054,16.3378622302,-20
1303,16.7973448704,18.4297910837,16.5954036283,16.3122842945,-20
1304,17.0482366748,18.4252396366,16.4302265091,16.2610170478,-21
1305,17.2429734064,18.4131662577,16.2763292459,16.1918158562,-21
1306,17.3604692926,18.3922094987,16.1397554962,16.1236865224,-21
1307,17.3928916619,18.362037645,16.0299697808,16.0752116466,-19
1308,17.3373458177,18.3282507988,15.9589972676,16.0555127502,-20
1309,17.191656192,18.3020259702,15.9339954431,16.064691018,-20
1310,16.9573074132,18.2920426633,15.9496401279,16.1009195547,-21
1311,16.647144049,18.2939133068,15.9885599157,16.1653138728,-21
1312,16.2914697947,18.2874467376,16.0306174107,16.2586654293,-20
1313,15.9348918473,18.2465756987,16.0646391532,16.3730845848,-19
1314,15.6266141091,18.1565651777,16.0953284424,16.4891522998,-20
1315,15.4070886792,18.0255617287,16.1410055778,16.5808381917,-21
1316,15.2979000907,17.8806778039,16.2230806001,16.626180359,-20
1317,15.2969151408,17.7495336305,16.3545656056,16.6156895911,-21
1318,15.3785104721,17.6426254379,16.5304422935,16.5531194649,-21
1319,15.5000373858,17.5484507201,16.7250781391,16.4522056234,-19
1320,15.613705296,17.446143916,16.8967747294,16.330543762,-20
1321,15.6836179885,17.3230210028,16.9976926126,16.2039334281,-21
1322,15.6996723177,17.1851532404,16.9878876478,16.0824922557,-18
1323,15.6809430717,17.0530905384,16.8473467147,15.9704720355,-21
1324,15.6625537325,16.9519568549,16.5831419048,15.8714048295,-21
1325,15.6750619959,16.901422973,16.2281460891,15.7961861505,-21
1326,15.7288134139,16.910640903,15.8313508713,15.764494084,-20
1327,15.8141890514,16.9761564088,15.4461943683,15.7956136164,-20
1328,15.9138004575,17.0812996278,15.1204170174,15.8909445371,-21
1329,16.0149884543,17.1990282434,14.8923559657,16.021846258,-21
1330,16.1126455696,17.3002938472,14.7883253302,16.1364953454,-21
1331,16.2024224601,17.3658255687,14.8182150112,16.182470366,-20
1332,16.2747111683,17.3944036676,14.969965029,16.1357625623,-21
1333,16.3155911267,17.4028624293,15.2065356941,16.0161514077,-19
1334,16.3123729488,17.4159468528,15.4726743782,15.8797974561,-21
1335,16.2581958119,17.4530842154,15.7112373468,15.7913132276,-21
1336,16.1537388072,17.519651905,15.8837072305,15.7926334229,-21
1337,16.0072469024,17.6058663084,15.9841818359,15.8865778665,-20
1338,15.8354031833,17.6929591337,16.039843596,16.0446018519,-20
1339,15.6610595686,17.7617790948,16.0953609158,16.2289729651,-21
1340,15.5070965426,17.7992231491,16.1906087034,16.4116096064,-21
1341,15.3860533404,17.8004434457,16.3429791222,16.5762617217,-21
1342,15.2933916713,17.7685741736,16.5418188845,16.7099123705,-20
1343,15.2128803222,17.7138247968,16.7564864551,16.7941903863,-21
1344,15.1315523619,17.6526688382,16.9524806987,16.807843722,-20
1345,15.0556988035,17.6056092997,17.1053002945,16.7368880266,-19
1346,15.0133448324,17.591795653,17.20671455,16.5843293973,-21
1347,15.0424623589,17.6219411707,17.2604167712,16.3726951135,-21
1348,15.1696414705,17.6939980059,17.2728477654,16.1410626314,-21
1349,15.3931663792,17.7935354517,17.2466961746,15.9377410364,-19
1350,15.6783944376,17.9014247423,17.1809846666,15.8085532574,-21
1351,15.9661770859,18.0027335944,17.0775234304,15.7838835637,-19
1352,16.1911835835,18.0917697954,16.9469840145,15.8676195265,-18
1353,16.3040343937,18.1697424484,16.8105476586,16.0363936237,-19
1354,16.2911998291,18.2378802918,16.6966264892,16.249443015,-21
1355,16.1836201075,18.2907466489,16.6325229034,16.4638797374,-21
1356,16.0471656168,18.3158888784,16.6353550843,16.6484891089,-21
1357,15.9549356304,18.3009879787,16.7009634027,16.7885395762,-21
1358,15.9525030721,18.243395147,16.7986000204,16.8840709534,-20
1359,16.0352843335,18.1579646311,16.8759474322,16.9445794244,-21
1360,16.1517828717,18.0757998616,16.878939007,16.9843367877,-21
1361,16.2303654902,18.0352091309,16.7771841924,17.0188057117,-20
1362,16.2145875245,18.0678877647,16.5834411875,17.0605404578,-21
1363,16.0884570554,18.1865142581,16.3522312123,17.1162095278,-21
1364,15.8801854911,18.3786980928,16.1574380877,17.1833723535,-20
1365,15.6457444831,18.6108365819,16.0578325379,17.2521905628,-21
1366,15.4442633729,18.8403008634,16.0722085639,17.3101170834,-19
1367,15.3173378035,19.0310576063,16.1766574622,17.3485442581,-20
1368,15.279260902,19.1637909452,16.3237906966,17.3668034704,-21
1369,15.3202467795,19.2374429671,16.4706704867,17.3680509133,-21
1370,15.4179613066,19.260952254,16.5967073857,17.3511368713,-21
1371,15.5513845866,19.2437917929,16.7041827779,17.3039882697,-21
1372,15.7102308849,19.1901477568,16.8064517666,17.2066366847,-19
1373,15.8964724882,19.1012609624,16.9141037748,17.0422241677,-21
1374,16.1180489366,18.9809854099,17.0273263806,16.8104271306,-21
1375,16.3785350695,18.8402217191,17.1351532067,16.5346536647,-20
1376,16.6686538816,18.6959895365,17.2191724839,16.2592981758,-21
1377,16.963518277,18.5648688228,17.2598779706,16.0374870473,-21
1378,17.2276009203,18.4557935907,17.2455208109,15.9143866628,-21
1379,17.4253149018,18.3665956543,17.178595725,15.911759416,-21
1380,17.5341425279,18.2877370284,17.0772115173,16.0205988973,-21
1381,17.5526000992,18.2104359326,16.9687949839,16.2053977186,-19
1382,17.4995923757,18.1347485644,16.8810193151,16.4172051778,-20
1383,17.4046266003,18.0708855806,16.8325655095,16.6098640712,-20
1384,17.2932726011,18.033683021,16.8291834015,16.7497308993,-21
1385,17.1755078169,18.0331373008,16.8631879083,16.818534872,-21
1386,17.0450110745,18.0677103913,16.9165734253,16.8113849815,-20
1387,16.8876252277,18.1239934253,16.9646194955,16.7366684105,-21
1388,16.695070748,18.1820796884,16.9805163503,16.6146539431,-21
1389,16.4735256105,18.2236979607,16.9408345519,16.4751061134,-20
1390,16.239585297,18.238792531,16.8340051006,16.3463340989,-21
1391,16.009242967,18.2298846177,16.6656248648,16.2418263034,-20
1392,15.7884636428,18.2109771659,16.458662735,16.1530413563,-21
1393,15.5757600388,18.2026153754,16.2459184988,16.0548631347,-20
1394,15.3754335742,18.2226539685,16.0590120834,15.922917441,-20
1395,15.2088081462,18.2780846252,15.9215490307,15.7512754741,-21
1396,15.1113794087,18.3615435039,15.8477169471,15.5590383422,-21
1397,15.1150397286,18.4550039768,15.8454212692,15.3792721594,-20
1398,15.2270009539,18.53792088,15.9165766323,15.2378482655,-19
1399,15.4218699854,18.5956400904,16.0521351622,15.1374038173,-21
1400,15.653614172,18.6225824563,16.2243406473,15.0603488492,-21
1401,15.8784212793,18.6202007875,16.3860464445,14.9882138563,-19
1402,16.0725944169,18.5920696219,16.484768404,14.9226312843,-20
1403,16.2337088925,18.5398824784,16.4844124928,14.8899662151,-21
1404,16.3690682282,18.4638870159,16.3858453785,14.9248590651,-21
1405,16.4813671288,18.3658034722,16.2292187726,15.0454832277,-21
1406,16.5636036767,18.2512126386,16.0754747237,15.2395006876,-21
1407,16.6035561647,18.1277071145,15.97659483,15.469214263,-21
1408,16.5935949851,18.0020935694,15.9509210349,15.6898591698,-20
1409,16.5376529682,17.8793698095,15.9759126966,15.8695094892,-21
1410,16.4509892966,17.7673526217,16.0019169892,15.9975718126,-20
1411,16.3537452333,17.6806016445,15.9789571209,16.0811682882,-20
1412,16.2637695111,17.6380492745,15.8828739611,16.1328015104,-21
1413,16.1892862244,17.6524492962,15.7296194325,16.1595702858,-21
1414,16.1260616594,17.7185281799,15.5693931957,16.1590446742,-20
1415,16.0608526313,17.8107830399,15.4627615897,16.124841743,-21
1416,15.9788471027,17.8942596928,15.451856772,16.0577283782,-21
1417,15.8739005289,17.9429145183,15.5411725774,15.9729621004,-21
1418,15.7558134481,17.9533916022,15.6994198286,15.9002561801,-21
1419,15.6502475088,17.945269266,15.8781999414,15.8731340244,-20
1420,15.5922565235,17.9481889942,16.0385729554,15.9148023757,-21
1421,15.6144985348,17.9835018927,16.1680019284,16.0246217855,-21
1422,15.7348085546,18.0524295516,16.2811104803,16.1735670024,-21
1423,15.9489227704,18.1373145741,16.4051872608,16.3116296538,-21
1424,16.2304968256,18.2138924437,16.5605830378,16.3872940535,-21
1425,16.5404282827,18.2657554358,16.7483944825,16.3699200876,-20
1426,16.8402964585,18.2899712182,16.9488996468,16.263925135,-21
1427,17.1029129825,18.2924380191,17.1297198811,16.1032071135,-20
1428,17.3159488553,18.278342591,17.2574393429,15.9292354562,-21
1429,17.4776214495,18.2473337314,17.3076298304,15.7658317395,-21
1430,17.5909446706,18.197760312,17.2748772208,15.6062058464,-21
1431,17.6606077986,18.1345633447,17.1790900736,15.4216373828,-20
1432,17.6934855248,18.0734320937,17.0653518172,15.184580589,-20
1433,17.7004457079,18.0361666106,16.9911131743,14.8919591047,-20
1434,17.6943908507,18.0403347624,17.0030461996,14.5749302398,-21
1435,17.6851181895,18.0892539431,17.1158127409,14.2906385746,-20
1436,17.672848682,18.1699433098,17.3072005989,14.1022603494,-21
1437,17.6468530347,18.2583087725,17.5329343197,14.0546207607,-21
1438,17.5915939288,18.328512059,17.7499778029,14.1571247694,-19
1439,17.4981771611,18.3620382077,17.9319454854,14.3806209589,-20
1440,17.3736943775,18.3526740493,18.0700900766,14.6707575891,-20
1441,17.2398680209,18.3080513978,18.1632344599,14.9698351316,-21
1442,17.1219912929,18.2476813432,18.2074843424,15.2365402455,-20
1443,17.0336028714,18.1982534195,18.1927689474,15.4535471603,-20
1444,16.9686882297,18.1861118017,18.1077448537,15.6234352212,-20
1445,16.9054662251,18.2267360979,17.9476708207,15.7583664876,-21
1446,16.8176593583,18.3163892339,17.7234227456,15.8722616407,-21
1447,16.6873834985,18.4310519121,17.4637778044,15.9761366765,-19
1448,16.512971678,18.5367561126,17.2102895853,16.0749783965,-20
1449,16.3131087529,18.6055804342,17.0023688037,16.1645611323,-21
1450,16.1229862602,18.6282269934,16.8604074725,16.232279331,-21
1451,15.9841362559,18.6162303204,16.7769940248,16.2635399497,-21
1452,15.9282817079,18.5927464406,16.7239914367,16.2551111553,-21
1453,15.9620579057,18.579529111,16.6734287908,16.2243111368,-20
1454,16.0634593609,18.5865134865,16.6177098501,16.2076196207,-21
1455,16.1925216341,18.6085007075,16.57636786,16.2455451322,-21
1456,16.3108093291,18.629010156,16.5849683841,16.3598935447,-21
1457,16.3963999919,18.627989581,16.673882336,16.5406732608,-21
1458,16.4461867724,18.5908504083,16.8499871896,16.7485962704,-21
1459,16.4672047985,18.5148877387,17.0909371492,16.9333338376,-20
1460,16.4638556525,18.41105993,17.3528817261,17.0552809803,-21
1461,16.4310484967,18.2992407749,17.5855777814,17.0969963586,-20
1462,16.3578936565,18.1998469372,17.748824647,17.0635121899,-21
1463,16.2408307082,18.1268567041,17.8227556794,16.9746611273,-21
1464,16.0968813154,18.0849053248,17.8098783441,16.8562134048,-21
1465,15.9685617246,18.0717855309,17.7262096952,16.7350569651,-20
1466,15.9113979231,18.0819804702,17.5907127045,16.6334486527,-20
1467,15.9695576353,18.1084638707,17.418865376,16.5615507443,-20
1468,16.1518810694,18.1418476396,17.2244778253,16.5102089895,-21
1469,16.4231894233,18.1702830523,17.0263048391,16.4502716178,-20
1470,16.7169346541,18.1831820227,16.8509447732,16.3442992572,-21
1471,16.96216269,18.1781945568,16.7270060607,16.1658008257,-21
1472,17.1095983665,18.1665797527,16.6749596523,15.9177432178,-19
1473,17.1480543345,18.1707650249,16.6986713734,15.6367394964,-20
1474,17.1043616878,18.2139779493,16.7852152529,15.3808055123,-20
1475,17.0312495663,18.3066106375,16.9088553297,15.2071220898,-21
1476,16.9853356749,18.4393548577,17.0390981667,15.1527146342,-20
1477,17.0054902334,18.5874876033,17.1479582832,15.2256452005,-20
1478,17.1010065108,18.7231236993,17.2176234954,15.4077294044,-20
1479,17.253416842,18.8260647939,17.2453201423,15.6622470924,-21
1480,17.4302442829,18.8874445813,17.2413558094,15.9437503594,-21
1481,17.5997643926,18.9054891213,17.221912138,16.2094172839,-19
1482,17.7390887547,18.8811549255,17.2001988525,16.428914304,-21
1483,17.8345200578,18.8174104687,17.1836333281,16.5910667347,-19
1484,17.8782340633,18.7222535022,17.1760265079,16.7024838239,-20
1485,17.866863835,18.6104601722,17.1803176402,16.7784048321,-20
1486,17.8028207837,18.5002922273,17.1999054413,16.832328168,-21
1487,17.6949055394,18.4064219408,17.2368038522,16.8716022233,-20
1488,17.5585192423,18.3331349521,17.2898508067,16.9017865898,-20
1489,17.41359659,18.2733473133,17.3539849933,16.9343572776,-20
1490,17.280655737,18.2135828529,17.4198568181,16.9864799777,-21
1491,17.1786520464,18.1424658446,17.4710493,17.0736778153,-21
1492,17.1210268098,18.058013639,17.484360962,17.1994861123,-19
1493,17.1155902976,17.9691769311,17.4367394416,17.3519053717,-21
1494,17.1650607599,17.8907399033,17.3155724661,17.5105400058,-19
1495,17.2663381966,17.8353742689,17.1275207455,17.6581872532,-20
1496,17.4078807783,17.8065110175,16.9002643821,17.7868444907,-20
1497,17.5659415463,17.7977068667,16.6749331581,17.8934792712,-21
1498,17.7049155778,17.7975288424,16.4952094588,17.9732835237,-20
1499,17.7869512477,17.7975288424,16.3957735058,18.017130081,-20
